套料图名,分段号,切割机,切割序号,切割开始(min),切割完成(min),切割工时(min),原料吊运开始(min),原料空驶完成(min),原料吊运完成(min),原料吊运返回完成(min),工位开始(min),等待结束(min),工位处理时间(min),工位完工(min),工位,最低优先级
A03S-1303,AP2,N5,1,6.0,58.744739936003725,52.744739936003725,0.0,3.0,6.0,6.0,6.0,6.0,11.526669641025649,70.27140957702937,0,2
A03S-1276,AP2,N5,2,58.744739936003725,146.115005609074,87.37026567307028,6.0,9.0,12.0,12.0,12.0,58.744739936003725,146.16451186507942,292.2795174741534,1,1
A03S-1292,AP2,N5,3,146.115005609074,272.068334641543,125.95332903246901,70.27140957702937,78.27140957702937,81.27140957702937,81.27140957702937,81.27140957702937,146.115005609074,109.21652957864211,381.2848642201851,0,1
A03S-1294,AP2,N2,4,18.0,206.28199121832304,188.28199121832304,12.0,15.0,18.0,18.0,18.0,18.0,145.37392444444427,351.6559156627673,0,1
A03S-1283,AP2,N5,5,292.2795174741534,376.296529973527,84.01701249937362,281.2795174741534,289.2795174741534,292.2795174741534,292.2795174741534,292.2795174741534,292.2795174741534,12.775771151420031,389.07230112494705,1,1
A03S-1251,AP2,N5,6,392.63065315301424,445.6048672616314,52.974214108617154,381.63065315301424,389.63065315301424,392.63065315301424,392.63065315301424,392.63065315301424,392.63065315301424,3.9078631794871512,449.51273044111855,0,5
A03S-1290,AP2,N2,7,206.28199121832304,307.1903950873877,100.90840386906466,18.0,21.0,24.0,24.0,24.0,206.28199121832304,6.816943333333313,314.007338420721,1,2
E01S-1229,BN1,N2,8,325.007338420721,397.31476268782876,72.30742426710773,314.007338420721,322.007338420721,325.007338420721,325.007338420721,325.007338420721,325.007338420721,61.61993603174602,458.9346987195748,1,1
E01S-1208,BN1,N2,9,397.31476268782876,613.4887423887872,216.17397970095834,345.6559156627673,348.6559156627673,351.6559156627673,351.6559156627673,351.6559156627673,397.31476268782876,85.56760134920683,699.056343737994,0,1
E01S-1246,BN1,N5,10,445.6048672616314,498.0398223299542,52.434955068322786,403.8575650468031,411.8575650468031,414.8575650468031,414.8575650468031,414.8575650468031,445.6048672616314,95.96805928571416,594.0078816156683,1,1
E01S-1209,BN1,N2,11,613.4887423887872,659.0012205158434,45.51247812705627,463.0524971530142,466.0524971530142,469.0524971530142,469.0524971530142,469.0524971530142,613.4887423887872,56.63126377770607,715.6324842935495,1,1
E01S-1223,BN1,N2,12,699.056343737994,732.7870311181575,33.730687380163566,693.056343737994,696.056343737994,699.056343737994,699.056343737994,699.056343737994,699.056343737994,17.905878809523756,750.6929099276813,0,1
E01S-1211,BN1,N5,13,498.0398223299542,521.626732632352,23.586910302397754,449.51273044111855,452.51273044111855,455.51273044111855,455.51273044111855,455.51273044111855,498.0398223299542,3.0,524.626732632352,0,1
A03S-1304,AP2,N5,14,545.0780331530142,567.3766342971272,22.298601144113015,534.0780331530142,542.0780331530142,545.0780331530142,545.0780331530142,545.0780331530142,545.0780331530142,8.30942600000003,575.6860602971273,0,1
A03S-1274,AP2,N5,15,586.6860602971273,612.6198352730424,25.933774975915217,575.6860602971273,583.6860602971273,586.6860602971273,586.6860602971273,586.6860602971273,586.6860602971273,73.45914047619021,686.0789757492327,0,1
A03S-1287,AP2,N2,16,732.7870311181575,767.4614268675963,34.67439574943871,709.6324842935495,712.6324842935495,715.6324842935495,715.6324842935495,715.6324842935495,732.7870311181575,13.267445158730197,780.7288720263265,1,1
A03S-1297,AP2,N5,17,612.6198352730424,649.7099424239133,37.09010715087085,597.9179691530142,600.9179691530142,603.9179691530142,603.9179691530142,603.9179691530142,612.6198352730424,69.19989435706532,718.9098367809786,1,1
A03S-1305,AP2,N2,18,767.4614268675963,805.743969969655,38.28254310205872,739.6929099276813,747.6929099276813,750.6929099276813,750.6929099276813,750.6929099276813,767.4614268675963,38.16636746031736,843.9103374299724,0,1
A03S-1296,AP2,N2,19,805.743969969655,847.697520123319,41.95355015366393,774.7288720263265,777.7288720263265,780.7288720263265,780.7288720263265,780.7288720263265,805.743969969655,84.74260912698378,932.4401292503028,1,1
A03S-1293,AP2,N2,20,847.697520123319,891.3563745432224,43.658854419903406,832.9103374299724,840.9103374299724,843.9103374299724,843.9103374299724,843.9103374299724,847.697520123319,77.81543946898523,969.1718140122076,0,1
A03S-1299,AP2,N5,21,686.0789757492327,731.7853569169048,45.706381167672156,680.0789757492327,683.0789757492327,686.0789757492327,686.0789757492327,686.0789757492327,686.0789757492327,96.57693452380977,828.3622914407146,0,1
A03S-1295,AP2,N2,22,932.4401292503028,980.4160193743305,47.97589012402768,921.4401292503028,929.4401292503028,932.4401292503028,932.4401292503028,932.4401292503028,932.4401292503028,63.0865100793651,1043.5025294536956,1,1
A03S-1301,AP2,N5,23,731.7853569169048,781.8790451057152,50.09368818881049,715.6324842935495,718.6324842935495,721.6324842935495,721.6324842935495,721.6324842935495,731.7853569169048,50.23324633499931,832.1122914407146,1,1
A03S-1286,AP2,N2,24,980.4160193743305,1036.1551104893574,55.73909111502698,958.1718140122076,966.1718140122076,969.1718140122076,969.1718140122076,969.1718140122076,980.4160193743305,88.69864444052746,1124.8537549298849,0,1
A03S-1288,AP2,N5,25,828.3622914407146,886.6784483077702,58.316156867055604,822.3622914407146,825.3622914407146,828.3622914407146,828.3622914407146,828.3622914407146,828.3622914407146,5.702812769230832,892.381261077001,0,1
A03S-1300,AP2,N2,26,1050.6334185919216,1112.4335535910593,61.8001349991378,1039.6334185919216,1047.6334185919216,1050.6334185919216,1050.6334185919216,1050.6334185919216,1050.6334185919216,7.0616121025641405,1119.4951656936234,1,1
A03S-1277,AP2,N5,27,886.6784483077702,958.4747644129124,71.79631610514215,843.9103374299724,846.9103374299724,849.9103374299724,849.9103374299724,849.9103374299724,886.6784483077702,24.961416269841266,983.4361806827536,1,1
A03S-1285,AP2,N5,28,958.4747644129124,1039.3235895164062,80.84882510349385,897.4740802868121,905.4740802868121,908.4740802868121,908.4740802868121,908.4740802868121,958.4747644129124,30.082009444444566,1069.4055989608507,0,1
A03S-1284,AP2,N2,29,1130.4951656936234,1223.4824453521037,92.98727965848019,1119.4951656936234,1127.4951656936234,1130.4951656936234,1130.4951656936234,1130.4951656936234,1130.4951656936234,3.7374680000000353,1227.2199133521037,0,2
A03S-1291,AP2,N5,30,1039.3235895164062,1140.2964253725497,100.97283585614345,986.7287446563818,989.7287446563818,992.7287446563818,992.7287446563818,992.7287446563818,1039.3235895164062,8.240734256410178,1148.53715962896,1,2
A03S-1289,AP2,N2,31,1223.4824453521037,1320.3643353059786,96.88188995387495,1130.4951656936234,1138.4951656936234,1141.4951656936234,1141.4951656936234,1141.4951656936234,1223.4824453521037,6.681881076923219,1327.0462163829018,1,2
A03S-1302,AP2,N2,32,1320.3643353059786,1456.1092735068603,135.7449382008817,1227.2199133521037,1235.2199133521037,1238.2199133521037,1238.2199133521037,1238.2199133521037,1320.3643353059786,10.58101989743568,1466.690293404296,0,2
E01S-1204,BN1,N5,33,1140.2964253725497,1219.0968335971163,78.80040822456658,1065.9174145919214,1073.9174145919214,1076.9174145919214,1076.9174145919214,1076.9174145919214,1140.2964253725497,3.5307946666666794,1222.627628263783,0,1
E01S-1226,BN1,N5,34,1219.0968335971163,1316.9145248699986,97.8176912728822,1148.53715962896,1156.53715962896,1159.53715962896,1159.53715962896,1159.53715962896,1219.0968335971163,44.347327222222475,1361.261852092221,1,1
E01S-1244,BN1,N5,35,1316.9145248699986,1370.2910336698287,53.37650879983006,1253.2377453521037,1261.2377453521037,1264.2377453521037,1264.2377453521037,1264.2377453521037,1316.9145248699986,96.13529626984109,1466.4263299396698,0,1
E01S-1203,BN1,N2,36,1456.1092735068603,1555.7755459037412,99.66627239688083,1332.0462163829018,1340.0462163829018,1343.0462163829018,1343.0462163829018,1343.0462163829018,1456.1092735068603,100.00644777777757,1655.7819936815188,1,1
E01S-1206,BN1,N2,37,1555.7755459037412,1662.7735898946087,106.99804399086752,1466.690293404296,1469.690293404296,1472.690293404296,1472.690293404296,1472.690293404296,1555.7755459037412,4.033693025641014,1666.8072829202497,0,1
E01S-1240,BN1,N5,38,1370.2910336698287,1490.7671496347548,120.47611596492608,1350.261852092221,1358.261852092221,1361.261852092221,1361.261852092221,1361.261852092221,1370.2910336698287,59.45893571428587,1550.2260853490407,1,1
E01S-1205,BN1,N2,39,1677.8072829202497,1841.624148918802,163.81686599855212,1666.8072829202497,1674.8072829202497,1677.8072829202497,1677.8072829202497,1677.8072829202497,1677.8072829202497,5.198038001447912,1846.8221869202498,1,1
E01S-1219,BN1,N5,40,1490.7671496347548,1516.5309194522038,25.763769817449027,1472.690293404296,1475.690293404296,1478.690293404296,1478.690293404296,1478.690293404296,1490.7671496347548,5.653006461538553,1522.1839259137423,0,2
E01S-1212,BN1,N5,41,1533.1839259137423,1565.0855198118445,31.901593898102153,1522.1839259137423,1530.1839259137423,1533.1839259137423,1533.1839259137423,1533.1839259137423,1533.1839259137423,6.955423476512124,1572.0409432883566,0,2
E01S-1210,BN1,N2,42,1841.624148918802,1874.790701176252,33.16655225745019,1677.8072829202497,1685.8072829202497,1688.8072829202497,1688.8072829202497,1688.8072829202497,1841.624148918802,5.0,1879.790701176252,0,2
E01S-1200,BN1,N5,43,1565.0855198118445,1608.6728228867944,43.587303074949816,1544.2260853490407,1547.2260853490407,1550.2260853490407,1550.2260853490407,1550.2260853490407,1565.0855198118445,12.889475238095201,1621.5622981248896,1,2
E01S-1221,BN1,N5,44,1608.6728228867944,1726.7438482047692,118.07102531797486,1572.0409432883566,1580.0409432883566,1583.0409432883566,1583.0409432883566,1583.0409432883566,1608.6728228867944,127.01397730158715,1853.7578255063563,0,2
E01S-1215,BN1,N5,45,1726.7438482047692,1854.0265066685745,127.28265846380539,1612.1559343739739,1620.1559343739739,1623.1559343739739,1623.1559343739739,1623.1559343739739,1726.7438482047692,8.252356349206366,1862.2788630177808,1,2
E01S-1225,BN1,N5,46,1854.0265066685745,1883.325703220901,29.299196552326617,1847.7578255063563,1850.7578255063563,1853.7578255063563,1853.7578255063563,1853.7578255063563,1854.0265066685745,52.64614349206295,1935.971846712964,0,3
E01S-1233,BN1,N5,47,1883.325703220901,1923.5987775038318,40.273074282930736,1861.8096190275485,1869.8096190275485,1872.8096190275485,1872.8096190275485,1872.8096190275485,1883.325703220901,5.689024153846049,1929.2878016576778,1,3
E01S-1231,BN1,N5,48,1940.2878016576778,1985.8422678908591,45.554466233181415,1929.2878016576778,1937.2878016576778,1940.2878016576778,1940.2878016576778,1940.2878016576778,1940.2878016576778,55.55572722222155,2041.3979951130807,0,3
E01S-1222,BN1,N5,49,1985.8422678908591,2037.048414840182,51.206146949322815,1940.2878016576778,1943.2878016576778,1946.2878016576778,1946.2878016576778,1946.2878016576778,1985.8422678908591,40.16133781258213,2077.209752652764,1,3
E01S-1218,BN1,N5,50,2049.6987149202496,2104.85491525193,55.15620033168035,2038.6987149202496,2046.6987149202496,2049.6987149202496,2049.6987149202496,2049.6987149202496,2049.6987149202496,8.502872539682357,2113.3577877916123,0,3
E01S-1220,BN1,N2,51,1885.790701176252,1943.1780220901821,57.387320913930125,1879.790701176252,1882.790701176252,1885.790701176252,1885.790701176252,1885.790701176252,1885.790701176252,17.036675873015838,1960.214697963198,1,3
E01S-1230,BN1,N2,52,1943.1780220901821,2010.5978767160366,67.41985462585454,1885.790701176252,1893.790701176252,1896.790701176252,1896.790701176252,1896.790701176252,1943.1780220901821,15.188318204213147,2025.7861949202497,0,3
E01S-1243,BN1,N5,53,2104.85491525193,2193.0486660758856,88.1937508239557,2077.2108149202495,2085.2108149202495,2088.2108149202495,2088.2108149202495,2088.2108149202495,2104.85491525193,100.33145746031687,2293.3801235362025,1,3
E01S-1216,BN1,N5,54,2193.0486660758856,2212.7041944744155,19.65552839853011,2110.8269300724423,2113.8269300724423,2116.8269300724423,2116.8269300724423,2116.8269300724423,2193.0486660758856,5.659674358974371,2218.36386883339,0,4
E01S-1227,BN1,N2,55,2010.5978767160366,2037.101510980777,26.503634264740445,1954.214697963198,1957.214697963198,1960.214697963198,1960.214697963198,1960.214697963198,2010.5978767160366,22.597203939472593,2059.6987149202496,1,4
E01S-1235,BN1,N5,56,2229.36386883339,2286.536093463749,57.172224630358706,2218.36386883339,2226.36386883339,2229.36386883339,2229.36386883339,2229.36386883339,2229.36386883339,33.69568515181891,2320.2317786155677,0,4
E01S-1238,BN1,N2,57,2037.101510980777,2137.447477383691,100.34596640291396,2025.7861949202497,2028.7861949202497,2031.7861949202497,2031.7861949202497,2031.7861949202497,2037.101510980777,8.622809523809792,2146.0702869075008,0,4
E01S-1241,BN1,N2,58,2137.447477383691,2168.437902530857,30.990425147166366,2059.6987149202496,2067.6987149202496,2070.6987149202496,2070.6987149202496,2070.6987149202496,2137.447477383691,8.770595039682576,2177.2084975705397,1,6
E01S-1213,BN1,N2,59,2168.437902530857,2206.4293453828664,37.9914428520094,2145.3540068195894,2153.3540068195894,2156.3540068195894,2156.3540068195894,2156.3540068195894,2168.437902530857,5.823589743589764,2212.252935126456,0,6
E01S-1237,BN1,N5,60,2305.2724165406717,2345.9506049557162,40.678188415044744,2294.2724165406717,2302.2724165406717,2305.2724165406717,2305.2724165406717,2305.2724165406717,2305.2724165406717,6.055426923076993,2352.0060318787932,1,6
E01S-1236,BN1,N5,61,2345.9506049557162,2388.5396477467502,42.589042791033805,2314.2317786155677,2317.2317786155677,2320.2317786155677,2320.2317786155677,2320.2317786155677,2345.9506049557162,5.580575589743603,2394.120223336494,0,6
E01S-1239,BN1,N5,62,2388.5396477467502,2436.329246483723,47.789598736972735,2352.0060318787932,2360.0060318787932,2363.0060318787932,2363.0060318787932,2363.0060318787932,2388.5396477467502,6.302808461538461,2442.6320549452616,1,6
E01S-1228,BN1,N2,63,2206.4293453828664,2256.2399351611207,49.810589778254425,2173.98523586419,2181.98523586419,2184.98523586419,2184.98523586419,2184.98523586419,2206.4293453828664,7.962827641025342,2264.202762802146,1,6
E01S-1234,BN1,N2,64,2256.2399351611207,2310.5314642609974,54.29152909987671,2229.36386883339,2237.36386883339,2240.36386883339,2240.36386883339,2240.36386883339,2256.2399351611207,19.70031435457031,2330.2317786155677,0,6
E01S-1242,BN1,N5,65,2436.329246483723,2525.7887742394614,89.45952775573826,2394.120223336494,2402.120223336494,2405.120223336494,2405.120223336494,2405.120223336494,2436.329246483723,109.81637198412636,2635.605146223588,0,6
E01S-1245,BN1,N2,66,2310.5314642609974,2318.7364584314114,8.204994170414201,2264.202762802146,2267.202762802146,2270.202762802146,2270.202762802146,2270.202762802146,2310.5314642609974,6.13594515873001,2324.8724035901414,1,7
E01S-1207,BN1,N2,67,2336.2317786155677,2349.458703714774,13.22692509920635,2330.2317786155677,2333.2317786155677,2336.2317786155677,2336.2317786155677,2336.2317786155677,2336.2317786155677,16.54732816401929,2366.0060318787932,0,7
E01S-1232,BN1,N2,68,2349.458703714774,2422.6126004621974,73.15389674742353,2336.2317786155677,2339.2317786155677,2342.2317786155677,2342.2317786155677,2342.2317786155677,2349.458703714774,9.326712205128842,2431.9393126673262,1,7
E01S-1224,BN1,N5,69,2525.7887742394614,2551.3918680569227,25.60309381746118,2442.6320549452616,2450.6320549452616,2453.6320549452616,2453.6320549452616,2453.6320549452616,2525.7887742394614,5.938822358974448,2557.330690415897,1,8
E01S-1217,BN1,N2,70,2422.6126004621974,2425.631068427202,3.0184679650047936,2366.0060318787932,2369.0060318787932,2372.0060318787932,2372.0060318787932,2372.0060318787932,2422.6126004621974,8.52092523809506,2434.151993665297,0,9
T63S-4089,STA238FC,N5,71,2568.330690415897,2587.6688469920064,19.338156576109075,2557.330690415897,2565.330690415897,2568.330690415897,2568.330690415897,2568.330690415897,2568.330690415897,66.68629923158142,2654.355146223588,1,1
U02S-1347,DC12,N5,72,2635.605146223588,2649.357072360347,13.75192613675911,2629.605146223588,2632.605146223588,2635.605146223588,2635.605146223588,2635.605146223588,2635.605146223588,42.98339112514441,2692.3404634854915,0,1
U02S-1348,DC12,N2,73,2459.6320549452616,2479.6595068671218,20.02745192186,2453.6320549452616,2456.6320549452616,2459.6320549452616,2459.6320549452616,2459.6320549452616,2459.6320549452616,29.259909523810165,2508.919416390932,1,1
U02S-1338,DC12,N2,74,2479.6595068671218,2522.3352995115683,42.675792644446716,2459.6320549452616,2462.6320549452616,2465.6320549452616,2465.6320549452616,2465.6320549452616,2479.6595068671218,4.303834666666717,2526.639134178235,0,1
U02S-1344,DC12,N5,75,2654.355146223588,2721.4561472329965,67.10100100940873,2643.355146223588,2651.355146223588,2654.355146223588,2654.355146223588,2654.355146223588,2654.355146223588,59.932379365079214,2781.3885265980757,1,1
U02S-1343,DC12,N5,76,2721.4561472329965,2903.1906286566273,181.73448142363094,2686.3404634854915,2689.3404634854915,2692.3404634854915,2692.3404634854915,2692.3404634854915,2721.4561472329965,141.38614904761926,3044.5767777042465,0,1
U02S-1340,DC12,N5,77,2903.1906286566273,3004.935127665873,101.74449900924601,2770.3885265980757,2778.3885265980757,2781.3885265980757,2781.3885265980757,2781.3885265980757,2903.1906286566273,97.30828924472235,3102.2434169105954,1,2
U02S-1335,DC12,N2,78,2522.3352995115683,2582.115480613562,59.78018110199349,2497.919416390932,2505.919416390932,2508.919416390932,2508.919416390932,2508.919416390932,2522.3352995115683,36.90598269841439,2619.0214633119763,1,2
U02S-1341,DC12,N2,79,2582.115480613562,2619.9460720695274,37.83059145596571,2526.639134178235,2534.639134178235,2537.639134178235,2537.639134178235,2537.639134178235,2582.115480613562,49.425265634920834,2669.3713377044483,0,2
U02S-1345,DC12,N2,80,2619.9460720695274,2637.9603338892343,18.014261819706824,2613.0214633119763,2616.0214633119763,2619.0214633119763,2619.0214633119763,2619.0214633119763,2619.9460720695274,82.52536738664185,2720.485701275876,1,2
U02S-1346,DC12,N2,81,2669.3713377044483,2680.640164772037,11.268827067588841,2663.3713377044483,2666.3713377044483,2669.3713377044483,2669.3713377044483,2669.3713377044483,2669.3713377044483,87.29392499590404,2767.9340897679413,0,2
U02S-1342,DC12,N2,82,2720.485701275876,2781.1421954994416,60.656494223565666,2714.485701275876,2717.485701275876,2720.485701275876,2720.485701275876,2720.485701275876,2720.485701275876,5.246331098634073,2786.3885265980757,1,3
U02S-1336,DC12,N2,83,2781.1421954994416,2826.3280109873335,45.18581548789174,2761.9340897679413,2764.9340897679413,2767.9340897679413,2767.9340897679413,2767.9340897679413,2781.1421954994416,39.524245079365755,2865.8522560666993,0,3
U02S-1339,DC12,N2,84,2826.3280109873335,2860.692858365515,34.36484737818157,2786.3885265980757,2794.3885265980757,2797.3885265980757,2797.3885265980757,2797.3885265980757,2826.3280109873335,4.93328743589791,2865.626145801413,1,3
U02A-1330,DC12,N2,85,2876.626145801413,2933.4959299661964,56.869784164783724,2865.626145801413,2873.626145801413,2876.626145801413,2876.626145801413,2876.626145801413,2876.626145801413,5.0,2938.4959299661964,0,4
U02A-1331,DC12,N5,86,3046.30226884536,3102.976494779269,56.674225933909405,3035.30226884536,3043.30226884536,3046.30226884536,3046.30226884536,3046.30226884536,3046.30226884536,5.0,3107.976494779269,0,4
U02S-1337,DC12,N5,87,3102.976494779269,3146.142399923716,43.16590514444671,3096.2434169105954,3099.2434169105954,3102.2434169105954,3102.2434169105954,3102.2434169105954,3102.976494779269,4.303834666666717,3150.4462345903826,1,4
U02B-1333,DC12,N2,88,2933.4959299661964,2969.945014233622,36.44908426742531,2876.626145801413,2884.626145801413,2887.626145801413,2887.626145801413,2887.626145801413,2933.4959299661964,8.036078769230699,2977.9810930028525,1,4
U02B-1332,DC12,N5,89,3146.142399923716,3177.319436662099,31.17703673838312,3107.976494779269,3115.976494779269,3118.976494779269,3118.976494779269,3118.976494779269,3146.142399923716,11.66990912820529,3188.9893457903045,0,4
U02B-1334,DC12,N2,90,2969.945014233622,2998.7992781294256,28.854263895803697,2938.4959299661964,2941.4959299661964,2944.4959299661964,2944.4959299661964,2944.4959299661964,2969.945014233622,5.0,3003.7992781294256,0,4
T63S-4103,STA238FC,N2,91,2998.7992781294256,3050.091205691759,51.29192756233346,2977.9810930028525,2985.9810930028525,2988.9810930028525,2988.9810930028525,2988.9810930028525,2998.7992781294256,17.25851115360092,3067.34971684536,1,1
T63S-4100,STA238FC,N2,92,3050.091205691759,3099.1064314077357,49.01522571597648,3003.7992781294256,3011.7992781294256,3014.7992781294256,3014.7992781294256,3014.7992781294256,3050.091205691759,165.38601730159098,3264.4924487093267,0,1
T63S-4093,STA238FC,N2,93,3099.1064314077357,3146.3930322004035,47.2866007926677,3067.34971684536,3075.34971684536,3078.34971684536,3078.34971684536,3078.34971684536,3099.1064314077357,10.830796307692253,3157.2238285080957,1,1
T63S-4094,STA238FC,N2,94,3168.2238285080957,3212.5269595878567,44.30313107976093,3157.2238285080957,3165.2238285080957,3168.2238285080957,3168.2238285080957,3168.2238285080957,3168.2238285080957,58.19598793099385,3270.7229475188506,1,1
T63S-4098,STA238FC,N2,95,3264.4924487093267,3300.9460656956753,36.453616986348536,3253.4924487093267,3261.4924487093267,3264.4924487093267,3264.4924487093267,3264.4924487093267,3264.4924487093267,6.026775487179293,3306.9728411828546,0,1
T63S-4099,STA238FC,N5,96,3182.0695145903824,3218.515164146494,36.445649556111796,3176.0695145903824,3179.0695145903824,3182.0695145903824,3182.0695145903824,3182.0695145903824,3182.0695145903824,10.234391954183138,3228.749556100677,1,1
T63S-4102,STA238FC,N5,97,3218.515164146494,3254.528319368688,36.01315522219383,3188.9893457903045,3196.9893457903045,3199.9893457903045,3199.9893457903045,3199.9893457903045,3218.515164146494,14.96412934063892,3269.4924487093267,0,1
T63S-4101,STA238FC,N5,98,3254.528319368688,3283.2781595801534,28.749840211465713,3228.749556100677,3236.749556100677,3239.749556100677,3239.749556100677,3239.749556100677,3254.528319368688,84.64256412698478,3367.920723707138,1,1
T63S-4097,STA238FC,N5,99,3283.2781595801534,3306.6818967033887,23.40373712323541,3269.4924487093267,3277.4924487093267,3280.4924487093267,3280.4924487093267,3280.4924487093267,3283.2781595801534,105.27219390851178,3411.9540906119005,0,1
T63S-4092,STA238FC,N5,100,3367.920723707138,3414.0560116555885,46.1352879484501,3361.920723707138,3364.920723707138,3367.920723707138,3367.920723707138,3367.920723707138,3367.920723707138,37.53495087301644,3451.590962528605,1,2
T63S-4096,STA238FC,N2,101,3300.9460656956753,3338.167232583457,37.22116688778165,3280.4924487093267,3283.4924487093267,3286.4924487093267,3286.4924487093267,3286.4924487093267,3300.9460656956753,23.058268015873182,3361.22550059933,1,2
T63S-4091,STA238FC,N2,102,3338.167232583457,3359.8437036877417,21.67647110428448,3306.9728411828546,3314.9728411828546,3317.9728411828546,3317.9728411828546,3317.9728411828546,3338.167232583457,24.797540641747673,3384.6412443294894,0,2
T63S-4088,STA238FC,N5,103,3414.0560116555885,3428.6094293915166,14.553417735928244,3405.9540906119005,3408.9540906119005,3411.9540906119005,3411.9540906119005,3411.9540906119005,3414.0560116555885,36.659868851374085,3465.2692982428907,0,2
T63S-4855,STA238FC,N2,104,3361.22550059933,3366.6981988570415,5.472698257711152,3355.22550059933,3358.22550059933,3361.22550059933,3361.22550059933,3361.22550059933,3361.22550059933,34.428477456574456,3401.126676313616,1,3
T63S-4090,STA238FC,N5,105,3451.590962528605,3470.3245249807824,18.733562452177452,3445.590962528605,3448.590962528605,3451.590962528605,3451.590962528605,3451.590962528605,3451.590962528605,9.341419076923103,3479.6659440577055,1,3
T63S-4084,STA238FC,N2,106,3384.6412443294894,3403.7469790511846,19.10573472169513,3378.6412443294894,3381.6412443294894,3384.6412443294894,3384.6412443294894,3384.6412443294894,3384.6412443294894,6.2938296031748,3410.0408086543594,0,3
T63S-4087,STA238FC,N5,107,3470.3245249807824,3494.0705478072064,23.746022826424138,3457.007175347896,3465.007175347896,3468.007175347896,3468.007175347896,3468.007175347896,3470.3245249807824,9.359036153846318,3503.4295839610527,0,3
T63S-4086,STA238FC,N2,108,3403.7469790511846,3437.675182458802,33.9282034076175,3395.126676313616,3398.126676313616,3401.126676313616,3401.126676313616,3401.126676313616,3403.7469790511846,35.33199288909418,3473.007175347896,1,3
T63S-4095,STA238FC,N2,109,3437.675182458802,3477.9341503167916,40.25896785798957,3419.6462873478963,3427.6462873478963,3430.6462873478963,3430.6462873478963,3430.6462873478963,3437.675182458802,102.16076714285782,3580.0949174596494,0,3
