零件名,套料图名,分段号,齐套优先级,零件类型,释放(min),到半框缓存(min),到齐套区(min)
AP2-FC-1-1P,A03S-1304,AP2,1,large,36.60802714411302,36.60802714411301,36.60802714411301
AP2-FC-1-1S,A03S-1304,AP2,1,large,36.60802714411302,36.60802714411301,36.60802714411301
AP2-818-1S,A03S-1274,AP2,1,small,111.39291545210568,694.8487236089519,1060.3201277106725
AP2-821-1P,A03S-1274,AP2,1,small,111.39291545210568,694.8487236089519,1060.3201277106725
AP2-821-1S,A03S-1274,AP2,1,small,111.39291545210568,694.8487236089519,1060.3201277106725
AP2-823-1P,A03S-1274,AP2,4,small,111.39291545210568,95.09587188067711,1079.4451277106725
AP2-823-1S,A03S-1274,AP2,4,small,111.39291545210568,95.09587188067711,1079.4451277106725
AP2-826-1P,A03S-1274,AP2,4,small,111.39291545210568,95.09587188067711,1079.4451277106725
AP2-826-1S,A03S-1274,AP2,4,small,111.39291545210568,95.09587188067711,1079.4451277106725
AP2-829-1S,A03S-1274,AP2,4,small,111.39291545210568,95.09587188067711,1079.4451277106725
AP2-831-1P,A03S-1274,AP2,4,small,111.39291545210568,95.09587188067711,1079.4451277106725
AP2-831-1S,A03S-1274,AP2,4,small,111.39291545210568,95.09587188067711,1079.4451277106725
AP2-832-1P,A03S-1274,AP2,4,small,111.39291545210568,95.09587188067711,1079.4451277106725
AP2-832-1S,A03S-1274,AP2,4,small,111.39291545210568,95.09587188067711,1079.4451277106725
AP2-830-1P,A03S-1274,AP2,5,small,111.39291545210568,913.1008359745232,1085.8201277106725
AP2-830-1S,A03S-1274,AP2,5,small,111.39291545210568,913.1008359745232,1085.8201277106725
AP2-833-1P,A03S-1274,AP2,5,small,111.39291545210568,913.1008359745232,1085.8201277106725
AP2-833-1S,A03S-1274,AP2,5,small,111.39291545210568,913.1008359745232,1085.8201277106725
AP2-F2-3S-5BS,A03S-1287,AP2,1,small,76.24044205228189,67.3964927665676,1060.3201277106725
AP2-F6-2P-7BP,A03S-1287,AP2,1,small,76.24044205228189,962.0662924934575,1060.3201277106725
TA10-F9-1SP-3SP,A03S-1287,AP2,5,small,76.24044205228189,1018.4126513823464,1085.8201277106725
AP2-F5-1P-1P,A03S-1287,AP2,1,large,76.24044205228189,68.59598304739788,68.59598304739788
AP2-F5-2S-1S,A03S-1287,AP2,1,large,76.24044205228189,68.59598304739788,68.59598304739788
AP2-F6-3S-4BS,A03S-1297,AP2,1,small,144.22377648385168,694.8487236089519,1060.3201277106725
AP2-FB-2P-7BP,A03S-1297,AP2,1,small,144.22377648385168,694.8487236089519,1060.3201277106725
AP2-FB-2P-8BP,A03S-1297,AP2,1,small,144.22377648385168,137.91733457908978,1060.3201277106725
AP2-FB-3S-10BS,A03S-1297,AP2,1,small,144.22377648385168,137.91733457908978,1060.3201277106725
AP2-FB-3S-3BS,A03S-1297,AP2,1,small,144.22377648385168,694.8487236089519,1060.3201277106725
AP2-FB-3S-6BS,A03S-1297,AP2,1,small,144.22377648385168,694.8487236089519,1060.3201277106725
AP2-G2-2-1P,A03S-1297,AP2,4,large,144.22377648385168,81.29635433191426,81.29635433191426
AP2-G2-2-1S,A03S-1297,AP2,4,large,144.22377648385168,81.29635433191426,81.29635433191426
AP2-F8-2-1S,A03S-1305,AP2,1,small,139.42190745592788,962.0662924934575,1060.3201277106725
AP2-G2-1B1-1P,A03S-1305,AP2,2,small,139.42190745592788,126.58040872576917,1066.6951277106725
AP2-G3-4B4-1P,A03S-1305,AP2,2,small,139.42190745592788,126.58040872576917,1066.6951277106725
AP2-G3-4B5-1P,A03S-1305,AP2,2,small,139.42190745592788,126.58040872576917,1066.6951277106725
AP2-G4-4B1-1P,A03S-1305,AP2,2,small,139.42190745592788,126.58040872576917,1066.6951277106725
AP2-AE-1B5-1P,A03S-1305,AP2,5,small,139.42190745592788,1018.4126513823464,1085.8201277106725
AP2-AE-1B5-1S,A03S-1305,AP2,5,small,139.42190745592788,1018.4126513823464,1085.8201277106725
TA10-F6-1SP-5SP,A03S-1305,AP2,5,small,139.42190745592788,1018.4126513823464,1085.8201277106725
TA10-CG-1-1P,A03S-1305,AP2,1,large,139.42190745592788,109.13932502125147,109.13932502125147
TA10-CG-1-1S,A03S-1305,AP2,1,large,139.42190745592788,109.13932502125147,109.13932502125147
AP2-F2-3S-4BS,A03S-1296,AP2,1,small,227.9516992762583,962.0662924934575,1060.3201277106725
AP2-FB-2P-6BP,A03S-1296,AP2,1,small,227.9516992762583,962.0662924934575,1060.3201277106725
AP2-FB-3S-7BS,A03S-1296,AP2,1,small,227.9516992762583,962.0662924934575,1060.3201277106725
AP2-FC-1B1P-1P,A03S-1296,AP2,3,small,227.9516992762583,994.9964191601242,1073.0701277106725
AP2-FC-1B2S-1S,A03S-1296,AP2,3,small,227.9516992762583,994.9964191601242,1073.0701277106725
AP2-G1-1B1P-1P,A03S-1296,AP2,3,small,227.9516992762583,994.9964191601242,1073.0701277106725
AP2-G1-1B2S-1S,A03S-1296,AP2,3,small,227.9516992762583,994.9964191601242,1073.0701277106725
AP2-G1-2B1P-1P,A03S-1296,AP2,3,small,227.9516992762583,994.9964191601242,1073.0701277106725
AP2-G1-2B2S-1S,A03S-1296,AP2,3,small,227.9516992762583,994.9964191601242,1073.0701277106725
AP2-G3-1B1-1P,A03S-1296,AP2,3,small,227.9516992762583,994.9964191601242,1073.0701277106725
AP2-G3-1B1-1S,A03S-1296,AP2,3,small,227.9516992762583,994.9964191601242,1073.0701277106725
AP2-G3-2B1-1P,A03S-1296,AP2,3,small,227.9516992762583,994.9964191601242,1073.0701277106725
AP2-G3-2B1-1S,A03S-1296,AP2,3,small,227.9516992762583,994.9964191601242,1073.0701277106725
AP2-G4-1B1-1P,A03S-1296,AP2,3,small,227.9516992762583,994.9964191601242,1073.0701277106725
AP2-G4-1B1-1S,A03S-1296,AP2,3,small,227.9516992762583,994.9964191601242,1073.0701277106725
AP2-G4-2B1-1P,A03S-1296,AP2,3,small,227.9516992762583,994.9964191601242,1073.0701277106725
AP2-G4-2B1-1S,A03S-1296,AP2,3,small,227.9516992762583,994.9964191601242,1073.0701277106725
AP2-G5-1B1-1P,A03S-1296,AP2,3,small,227.9516992762583,994.9964191601242,1073.0701277106725
AP2-G5-1B1-1S,A03S-1296,AP2,3,small,227.9516992762583,994.9964191601242,1073.0701277106725
AP2-G5-2B1-1P,A03S-1296,AP2,3,small,227.9516992762583,994.9964191601242,1073.0701277106725
AP2-G5-2B1-1S,A03S-1296,AP2,3,small,227.9516992762583,994.9964191601242,1073.0701277106725
AP2-SGF-1SP-4BSP,A03S-1296,AP2,3,small,227.9516992762583,994.9964191601242,1073.0701277106725
AP2-G2-1B2-1S,A03S-1299,AP2,1,small,257.4226407127331,694.8487236089519,1060.3201277106725
AP2-G3-4B3-1S,A03S-1299,AP2,1,small,257.4226407127331,694.8487236089519,1060.3201277106725
AP2-G4-4B3-1P,A03S-1299,AP2,1,small,257.4226407127331,694.8487236089519,1060.3201277106725
AP2-G4-4B3-1S,A03S-1299,AP2,1,small,257.4226407127331,694.8487236089519,1060.3201277106725
AP2-G5-4B3-1P,A03S-1299,AP2,1,small,257.4226407127331,694.8487236089519,1060.3201277106725
AP2-G5-4B3-1S,A03S-1299,AP2,1,small,257.4226407127331,694.8487236089519,1060.3201277106725
AP2-G2-1B1-1S,A03S-1299,AP2,2,small,257.4226407127331,241.23404079209814,1066.6951277106725
AP2-G3-4B4-1S,A03S-1299,AP2,2,small,257.4226407127331,241.23404079209814,1066.6951277106725
AP2-G3-4B5-1S,A03S-1299,AP2,2,small,257.4226407127331,241.23404079209814,1066.6951277106725
AP2-G4-4B1-1S,A03S-1299,AP2,2,small,257.4226407127331,241.23404079209814,1066.6951277106725
AP2-G4-4B2-1P,A03S-1299,AP2,2,small,257.4226407127331,241.23404079209814,1066.6951277106725
AP2-G4-4B2-1S,A03S-1299,AP2,2,small,257.4226407127331,241.23404079209814,1066.6951277106725
AP2-G5-4B1-1P,A03S-1299,AP2,2,small,257.4226407127331,241.23404079209814,1066.6951277106725
AP2-G5-4B1-1S,A03S-1299,AP2,2,small,257.4226407127331,241.23404079209814,1066.6951277106725
AP2-G5-4B2-1P,A03S-1299,AP2,2,small,257.4226407127331,241.23404079209814,1066.6951277106725
AP2-G5-4B2-1S,A03S-1299,AP2,2,small,257.4226407127331,241.23404079209814,1066.6951277106725
AP2-G2-4S-1S,A03S-1299,AP2,3,small,257.4226407127331,704.0542357518091,1073.0701277106725
AP2-G2-4S-2S,A03S-1299,AP2,3,small,257.4226407127331,704.0542357518091,1073.0701277106725
AP2-G2-1B2-1P,A03S-1299,AP2,5,small,257.4226407127331,913.1008359745232,1085.8201277106725
AP2-G3-4B3-1P,A03S-1299,AP2,5,small,257.4226407127331,913.1008359745232,1085.8201277106725
AP2-G2-4S-3S,A03S-1299,AP2,3,large,257.4226407127331,167.22763244533388,167.22763244533388
AP2-F2-2P-3P,A03S-1293,AP2,1,small,264.68338403816307,962.0662924934575,1060.3201277106725
AP2-F2-3S-3S,A03S-1293,AP2,1,small,264.68338403816307,962.0662924934575,1060.3201277106725
AP2-F0-1B3-1P,A03S-1293,AP2,5,small,264.68338403816307,1018.4126513823464,1085.8201277106725
AP2-F0-1B3-1S,A03S-1293,AP2,5,small,264.68338403816307,1018.4126513823464,1085.8201277106725
AP2-F3-1B3-1P,A03S-1293,AP2,5,small,264.68338403816307,1018.4126513823464,1085.8201277106725
AP2-F4-1B3-1S,A03S-1293,AP2,5,small,264.68338403816307,1018.4126513823464,1085.8201277106725
AP2-FA-1B4-1P,A03S-1293,AP2,5,small,264.68338403816307,1018.4126513823464,1085.8201277106725
AP2-FA-1B4-1S,A03S-1293,AP2,5,small,264.68338403816307,1018.4126513823464,1085.8201277106725
AP2-F6-2P-3P,A03S-1293,AP2,1,large,264.68338403816307,192.9856503127675,192.9856503127675
AP2-F6-3S-3S,A03S-1293,AP2,1,large,264.68338403816307,192.9856503127675,192.9856503127675
AP2-G3-6S-1S,A03S-1301,AP2,1,small,261.1726407127331,694.8487236089519,1060.3201277106725
AP2-AG-1-1P,A03S-1301,AP2,1,large,261.1726407127331,216.1810555059392,216.1810555059392
AP2-AG-1-1S,A03S-1301,AP2,1,large,261.1726407127331,216.1810555059392,216.1810555059392
AP2-F2-2P-8BP,A03S-1295,AP2,1,small,339.0140994796511,962.0662924934575,1060.3201277106725
AP2-F2-3S-7BS,A03S-1295,AP2,1,small,339.0140994796511,962.0662924934575,1060.3201277106725
AP2-F2-3S-8BS,A03S-1295,AP2,1,small,339.0140994796511,962.0662924934575,1060.3201277106725
AP2-F6-2P-1BP,A03S-1295,AP2,1,small,339.0140994796511,962.0662924934575,1060.3201277106725
AP2-F6-3S-6BS,A03S-1295,AP2,1,small,339.0140994796511,962.0662924934575,1060.3201277106725
AP2-F6-3S-7BS,A03S-1295,AP2,1,small,339.0140994796511,962.0662924934575,1060.3201277106725
AP2-FB-2P-9BP,A03S-1295,AP2,1,small,339.0140994796511,962.0662924934575,1060.3201277106725
AP2-FB-3S-14BS,A03S-1295,AP2,1,small,339.0140994796511,962.0662924934575,1060.3201277106725
AP2-FB-3S-15BS,A03S-1295,AP2,1,small,339.0140994796511,962.0662924934575,1060.3201277106725
AP2-FB-3S-16BS,A03S-1295,AP2,1,small,339.0140994796511,962.0662924934575,1060.3201277106725
AP2-F3-1B3-1S,A03S-1295,AP2,5,small,339.0140994796511,1018.4126513823464,1085.8201277106725
AP2-FC-1B3-1P,A03S-1295,AP2,5,small,339.0140994796511,1018.4126513823464,1085.8201277106725
AP2-FC-1B3-1S,A03S-1295,AP2,5,small,339.0140994796511,1018.4126513823464,1085.8201277106725
AP2-G2-3B1-1S,A03S-1295,AP2,5,small,339.0140994796511,1018.4126513823464,1085.8201277106725
AP2-F6-2P-1P,A03S-1295,AP2,1,large,339.0140994796511,282.2403146823373,282.2403146823373
AP2-F6-3S-1S,A03S-1295,AP2,1,large,339.0140994796511,282.2403146823373,282.2403146823373
AP2-FB-1SP-1SP,A03S-1288,AP2,1,large,345.144988617877,334.70235367444945,334.70235367444945
AP2-G2-1P-1P,A03S-1288,AP2,3,large,345.144988617877,334.70235367444945,334.70235367444945
AP2-MG-1SP-1P,A03S-1288,AP2,3,large,345.144988617877,334.70235367444945,334.70235367444945
AP2-MG-2SP-1SP,A03S-1286,AP2,1,small,420.3653249558413,343.83417686060346,1060.3201277106725
AP2-MG-4SP-1SP,A03S-1286,AP2,1,small,420.3653249558413,348.6843055113971,1060.3201277106725
AP2-MG-5SP-1SP,A03S-1286,AP2,1,small,420.3653249558413,353.53447479711133,1060.3201277106725
AP2-MG-8SP-1SP,A03S-1286,AP2,1,small,420.3653249558413,357.70925193996845,1060.3201277106725
AP2-SGF-1SP-28BSP,A03S-1286,AP2,1,small,420.3653249558413,362.0311636860002,1060.3201277106725
AP2-SGF-1SP-29BSP,A03S-1286,AP2,1,small,420.3653249558413,366.42096455901606,1060.3201277106725
AP2-F0-2-1P,A03S-1286,AP2,4,small,420.3653249558413,370.79729352727,1079.4451277106725
AP2-F0-2-1S,A03S-1286,AP2,4,small,420.3653249558413,375.65266789234937,1079.4451277106725
AP2-F0-3-1P,A03S-1286,AP2,4,small,420.3653249558413,380.0123344796509,1079.4451277106725
AP2-F0-3-1S,A03S-1286,AP2,4,small,420.3653249558413,384.3719782891747,1079.4451277106725
AP2-FA-1B3W-1P,A03S-1286,AP2,4,small,420.3653249558413,396.039501622508,1079.4451277106725
AP2-FA-1B3W-1S,A03S-1286,AP2,4,small,420.3653249558413,396.039501622508,1079.4451277106725
AP2-FA-3K-1P,A03S-1286,AP2,4,small,420.3653249558413,397.80080019393654,1079.4451277106725
AP2-FA-3K-1S,A03S-1286,AP2,4,small,420.3653249558413,402.3120953526667,1079.4451277106725
AP2-SGF-1SP-5BSP,A03S-1286,AP2,5,small,420.3653249558413,1018.4126513823464,1085.8201277106725
AP2-SGF-1SP-6BSP,A03S-1286,AP2,5,small,420.3653249558413,1018.4126513823464,1085.8201277106725
AP2-SGF-1SP-7BSP,A03S-1286,AP2,5,small,420.3653249558413,1018.4126513823464,1085.8201277106725
AP2-SGF-1SP-8BSP,A03S-1286,AP2,5,small,420.3653249558413,1018.4126513823464,1085.8201277106725
AP2-FA-2SP-1SP,A03S-1286,AP2,1,large,420.3653249558413,363.98634967444946,363.98634967444946
AP2-G2-4B1S-1S,A03S-1277,AP2,1,small,425.7572732802021,694.8487236089519,1060.3201277106725
AP2-G4-4B4-1P,A03S-1277,AP2,1,small,425.7572732802021,694.8487236089519,1060.3201277106725
AP2-G4-4B4-1S,A03S-1277,AP2,1,small,425.7572732802021,694.8487236089519,1060.3201277106725
AP2-G5-4B4-1P,A03S-1277,AP2,1,small,425.7572732802021,694.8487236089519,1060.3201277106725
AP2-G5-4B4-1S,A03S-1277,AP2,1,small,425.7572732802021,694.8487236089519,1060.3201277106725
AP2-SGF-1SP-10SP,A03S-1277,AP2,5,large,425.7572732802021,406.3829023949762,406.3829023949762
AP2-SGF-1SP-1SP,A03S-1277,AP2,5,large,425.7572732802021,406.3829023949762,406.3829023949762
AP2-AG-1-2P,A03S-1300,AP2,1,large,425.00673571957896,425.00673571957896,425.00673571957896
AP2-AG-1-2S,A03S-1300,AP2,1,large,425.00673571957896,425.00673571957896,425.00673571957896
AP2-F2-2P-6BP,A03S-1285,AP2,1,small,511.72669155829897,694.8487236089519,1060.3201277106725
AP2-F6-2P-8BP,A03S-1285,AP2,1,small,511.72669155829897,694.8487236089519,1060.3201277106725
AP2-F6-3S-8BS,A03S-1285,AP2,1,small,511.72669155829897,694.8487236089519,1060.3201277106725
TA10-G13-1B1-1P,A03S-1285,AP2,1,small,511.72669155829897,694.8487236089519,1060.3201277106725
TA10-G13-1B1-1S,A03S-1285,AP2,1,small,511.72669155829897,694.8487236089519,1060.3201277106725
AP2-F2-3S-6BS,A03S-1285,AP2,5,small,511.72669155829897,913.1008359745232,1085.8201277106725
AP2-F6-2P-9BP,A03S-1285,AP2,5,small,511.72669155829897,913.1008359745232,1085.8201277106725
AP2-AE-1SP-1SP,A03S-1285,AP2,3,large,511.72669155829897,487.1295027805213,487.1295027805213
AP2-AG-1-3BS,A03S-1294,AP2,1,small,1015.6626513823464,962.0662924934575,1060.3201277106725
AP2-F2-2P-1BP,A03S-1294,AP2,1,small,1015.6626513823464,962.0662924934575,1060.3201277106725
AP2-F2-2P-3BP,A03S-1294,AP2,1,small,1015.6626513823464,962.0662924934575,1060.3201277106725
AP2-F2-2P-4BP,A03S-1294,AP2,1,small,1015.6626513823464,962.0662924934575,1060.3201277106725
AP2-F2-3S-1BS,A03S-1294,AP2,1,small,1015.6626513823464,962.0662924934575,1060.3201277106725
AP2-F6-2P-4BP,A03S-1294,AP2,1,small,1015.6626513823464,962.0662924934575,1060.3201277106725
AP2-F6-2P-6BP,A03S-1294,AP2,1,small,1015.6626513823464,962.0662924934575,1060.3201277106725
AP2-F6-3S-10BS,A03S-1294,AP2,1,small,1015.6626513823464,962.0662924934575,1060.3201277106725
AP2-F7-2-1P,A03S-1294,AP2,1,small,1015.6626513823464,962.0662924934575,1060.3201277106725
AP2-F7-2-1S,A03S-1294,AP2,1,small,1015.6626513823464,962.0662924934575,1060.3201277106725
AP2-F8-1B1-1S,A03S-1294,AP2,1,small,1015.6626513823464,962.0662924934575,1060.3201277106725
AP2-F8-2-1P,A03S-1294,AP2,1,small,1015.6626513823464,962.0662924934575,1060.3201277106725
AP2-FB-2P-11BP,A03S-1294,AP2,1,small,1015.6626513823464,962.0662924934575,1060.3201277106725
AP2-FB-2P-2BP,A03S-1294,AP2,1,small,1015.6626513823464,962.0662924934575,1060.3201277106725
AP2-FB-2P-5BP,A03S-1294,AP2,1,small,1015.6626513823464,962.0662924934575,1060.3201277106725
AP2-FB-3S-12BS,A03S-1294,AP2,1,small,1015.6626513823464,949.3311261442511,1060.3201277106725
AP2-FB-3S-13BS,A03S-1294,AP2,1,small,1015.6626513823464,962.0662924934575,1060.3201277106725
AP2-FB-3S-4BS,A03S-1294,AP2,1,small,1015.6626513823464,962.0662924934575,1060.3201277106725
AP2-FB-3S-8BS,A03S-1294,AP2,1,small,1015.6626513823464,964.0467194775845,1060.3201277106725
AP2-AE-1B1-1P,A03S-1294,AP2,3,small,1015.6626513823464,994.9964191601242,1073.0701277106725
AP2-AE-1B1-1S,A03S-1294,AP2,3,small,1015.6626513823464,994.9964191601242,1073.0701277106725
AP2-AE-1B2-1P,A03S-1294,AP2,3,small,1015.6626513823464,994.9964191601242,1073.0701277106725
AP2-AE-1B2-1S,A03S-1294,AP2,3,small,1015.6626513823464,994.9964191601242,1073.0701277106725
AP2-AE-1B3-1P,A03S-1294,AP2,3,small,1015.6626513823464,994.9964191601242,1073.0701277106725
AP2-AE-1B4-1P,A03S-1294,AP2,3,small,1015.6626513823464,994.9964191601242,1073.0701277106725
AP2-F3-1B2S-1S,A03S-1294,AP2,5,small,1015.6626513823464,1018.4126513823464,1085.8201277106725
AP2-F4-1B2S-1S,A03S-1294,AP2,5,small,1015.6626513823464,1018.4126513823464,1085.8201277106725
AP2-F4-1B3-1P,A03S-1294,AP2,5,small,1015.6626513823464,1018.4126513823464,1085.8201277106725
AP2-F9-1B2S-1S,A03S-1294,AP2,5,small,1015.6626513823464,1018.4126513823464,1085.8201277106725
AP2-FC-1B4P-1P,A03S-1294,AP2,5,small,1015.6626513823464,1018.4126513823464,1085.8201277106725
AP2-CG-1-1P,A03S-1294,AP2,1,large,1015.6626513823464,884.3372227327739,884.3372227327739
AP2-CG-1-1S,A03S-1294,AP2,1,large,1015.6626513823464,884.3372227327739,884.3372227327739
AP2-F2-2P-1P,A03S-1294,AP2,1,large,1015.6626513823464,884.3372227327739,884.3372227327739
AP2-F2-3S-1S,A03S-1294,AP2,1,large,1015.6626513823464,884.3372227327739,884.3372227327739
AP2-F6-2P-2P,A03S-1294,AP2,1,large,1015.6626513823464,884.3372227327739,884.3372227327739
AP2-F6-2P-4P,A03S-1294,AP2,1,large,1015.6626513823464,884.3372227327739,884.3372227327739
AP2-F6-3S-2S,A03S-1294,AP2,1,large,1015.6626513823464,884.3372227327739,884.3372227327739
AP2-F6-3S-4S,A03S-1294,AP2,1,large,1015.6626513823464,884.3372227327739,884.3372227327739
AP2-F2-4SP-1SP,A03S-1283,AP2,1,small,571.8044494041355,694.8487236089519,1060.3201277106725
AP2-F3-2SP-1SP,A03S-1283,AP2,1,small,571.8044494041355,694.8487236089519,1060.3201277106725
AP2-F1-1SP-1SP,A03S-1283,AP2,1,large,571.8044494041355,650.7729796788609,650.7729796788609
AP2-F2-1-2P,A03S-1283,AP2,2,large,571.8044494041355,650.7729796788609,650.7729796788609
AP2-F2-1-2S,A03S-1283,AP2,2,large,571.8044494041355,650.7729796788609,650.7729796788609
AP2-818-1P,A03S-1276,AP2,1,small,797.5517900375233,694.8487236089519,1060.3201277106725
AP2-AG-1-3BP,A03S-1276,AP2,1,small,797.5517900375233,694.8487236089519,1060.3201277106725
AP2-CG-1B1-1P,A03S-1276,AP2,1,small,797.5517900375233,694.8487236089519,1060.3201277106725
AP2-CG-1B1-1S,A03S-1276,AP2,1,small,797.5517900375233,694.8487236089519,1060.3201277106725
AP2-F6-2P-2BP,A03S-1276,AP2,1,small,797.5517900375233,694.8487236089519,1060.3201277106725
AP2-F7-1B1-1P,A03S-1276,AP2,1,small,797.5517900375233,694.8487236089519,1060.3201277106725
AP2-F7-1B1-1S,A03S-1276,AP2,1,small,797.5517900375233,694.8487236089519,1060.3201277106725
AP2-F8-1B1-1P,A03S-1276,AP2,1,small,797.5517900375233,694.8487236089519,1060.3201277106725
AP2-FB-3S-2BS,A03S-1276,AP2,1,small,797.5517900375233,694.8487236089519,1060.3201277106725
AP2-MG-1SP-1BP,A03S-1276,AP2,3,small,797.5517900375233,704.0542357518091,1073.0701277106725
AP2-MG-1SP-2BP,A03S-1276,AP2,3,small,797.5517900375233,704.0542357518091,1073.0701277106725
AP2-F0-1B1P-1P,A03S-1276,AP2,5,small,797.5517900375233,913.1008359745232,1085.8201277106725
AP2-F0-1B2S-1S,A03S-1276,AP2,5,small,797.5517900375233,913.1008359745232,1085.8201277106725
AP2-F1-1B1P-1P,A03S-1276,AP2,5,small,797.5517900375233,913.1008359745232,1085.8201277106725
AP2-F1-1B2S-1S,A03S-1276,AP2,5,small,797.5517900375233,913.1008359745232,1085.8201277106725
AP2-F1-1B3-1P,A03S-1276,AP2,5,small,797.5517900375233,913.1008359745232,1085.8201277106725
AP2-F1-1B3-1S,A03S-1276,AP2,5,small,797.5517900375233,913.1008359745232,1085.8201277106725
AP2-F3-1B1P-1P,A03S-1276,AP2,5,small,797.5517900375233,913.1008359745232,1085.8201277106725
AP2-F4-1B1P-1P,A03S-1276,AP2,5,small,797.5517900375233,913.1008359745232,1085.8201277106725
AP2-F5-1B1P-1P,A03S-1276,AP2,5,small,797.5517900375233,913.1008359745232,1085.8201277106725
AP2-F5-1B3-1P,A03S-1276,AP2,5,small,797.5517900375233,913.1008359745232,1085.8201277106725
AP2-F5-1B3-1S,A03S-1276,AP2,5,small,797.5517900375233,913.1008359745232,1085.8201277106725
AP2-F7-1B1P-1P,A03S-1276,AP2,5,small,797.5517900375233,913.1008359745232,1085.8201277106725
AP2-F7-1B2S-1S,A03S-1276,AP2,5,small,797.5517900375233,913.1008359745232,1085.8201277106725
AP2-F8-1B1P-1P,A03S-1276,AP2,5,small,797.5517900375233,913.1008359745232,1085.8201277106725
AP2-F8-1B2S-1S,A03S-1276,AP2,5,small,797.5517900375233,913.1008359745232,1085.8201277106725
AP2-F9-1B1P-1P,A03S-1276,AP2,5,small,797.5517900375233,913.1008359745232,1085.8201277106725
AP2-FA-1B1P-1P,A03S-1276,AP2,5,small,797.5517900375233,913.1008359745232,1085.8201277106725
AP2-FA-1B2S-1S,A03S-1276,AP2,5,small,797.5517900375233,913.1008359745232,1085.8201277106725
AP2-SGF-1SP-1BSP,A03S-1276,AP2,5,small,797.5517900375233,913.1008359745232,1085.8201277106725
AP2-SGF-1SP-2BSP,A03S-1276,AP2,5,small,797.5517900375233,913.1008359745232,1085.8201277106725
AP2-F3-1-1P,A03S-1290,AP2,2,large,759.112625374842,759.112625374842,759.112625374842
AP2-F3-1-1S,A03S-1290,AP2,2,large,759.112625374842,759.112625374842,759.112625374842
AP2-F4-1-1P,A03S-1290,AP2,2,large,759.112625374842,759.112625374842,759.112625374842
AP2-F4-1-1S,A03S-1290,AP2,2,large,759.112625374842,759.112625374842,759.112625374842
AP2-F3-1-2P,A03S-1284,AP2,2,large,887.3372227327739,913.3550547327739,913.3550547327739
AP2-F3-1-2S,A03S-1284,AP2,2,large,887.3372227327739,913.3550547327739,913.3550547327739
AP2-F4-1-2P,A03S-1284,AP2,2,large,887.3372227327739,913.3550547327739,913.3550547327739
AP2-F4-1-2S,A03S-1284,AP2,2,large,887.3372227327739,913.3550547327739,913.3550547327739
AP2-JMG-650P,A03S-1251,AP2,5,large,811.177759329613,984.380590732774,984.380590732774
AP2-JMG-650S,A03S-1251,AP2,5,large,811.177759329613,984.380590732774,984.380590732774
TA10-T10-1B4S-1S,A03S-1291,AP2,5,small,918.3550547327739,913.1008359745232,1085.8201277106725
AP2-F2-1-1P,A03S-1291,AP2,2,large,918.3550547327739,918.3550547327739,918.3550547327739
AP2-F2-1-1S,A03S-1291,AP2,2,large,918.3550547327739,918.3550547327739,918.3550547327739
AP2-FA-1-1P,A03S-1291,AP2,2,large,918.3550547327739,918.3550547327739,918.3550547327739
AP2-FA-1-1S,A03S-1291,AP2,2,large,918.3550547327739,918.3550547327739,918.3550547327739
AP2-F0-1-1P,A03S-1289,AP2,2,large,923.3550547327739,923.3550547327739,923.3550547327739
AP2-F0-1-1S,A03S-1289,AP2,2,large,923.3550547327739,923.3550547327739,923.3550547327739
AP2-F1-2-1P,A03S-1289,AP2,2,large,923.3550547327739,923.3550547327739,923.3550547327739
AP2-F1-2-1S,A03S-1289,AP2,2,large,923.3550547327739,923.3550547327739,923.3550547327739
AP2-G3-3-1P,A03S-1303,AP2,0,large,970.5141415832985,970.5141415832984,970.5141415832984
AP2-G3-3-1S,A03S-1303,AP2,0,large,970.5141415832985,970.5141415832984,970.5141415832984
AP2-G4-4-1P,A03S-1303,AP2,0,large,970.5141415832985,970.5141415832984,970.5141415832984
AP2-G4-4-1S,A03S-1303,AP2,0,large,970.5141415832985,970.5141415832984,970.5141415832984
AP2-G5-3-1P,A03S-1303,AP2,0,large,970.5141415832985,970.5141415832984,970.5141415832984
AP2-G5-3-1S,A03S-1303,AP2,0,large,970.5141415832985,970.5141415832984,970.5141415832984
AP2-G1-1-1P,A03S-1302,AP2,2,large,1056.1951277106728,1056.1951277106725,1056.1951277106725
AP2-G1-1-1S,A03S-1302,AP2,2,large,1056.1951277106728,1056.1951277106725,1056.1951277106725
AP2-G2-3-1P,A03S-1302,AP2,2,large,1056.1951277106728,1056.1951277106725,1056.1951277106725
AP2-G2-3-1S,A03S-1302,AP2,2,large,1056.1951277106728,1056.1951277106725,1056.1951277106725
AP2-G3-1-1P,A03S-1302,AP2,2,large,1056.1951277106728,1056.1951277106725,1056.1951277106725
AP2-G3-1-1S,A03S-1302,AP2,2,large,1056.1951277106728,1056.1951277106725,1056.1951277106725
AP2-G3-2-1P,A03S-1302,AP2,2,large,1056.1951277106728,1056.1951277106725,1056.1951277106725
AP2-G3-2-1S,A03S-1302,AP2,2,large,1056.1951277106728,1056.1951277106725,1056.1951277106725
AP2-G4-2-1P,A03S-1302,AP2,2,large,1056.1951277106728,1056.1951277106725,1056.1951277106725
AP2-G4-2-1S,A03S-1302,AP2,2,large,1056.1951277106728,1056.1951277106725,1056.1951277106725
AP2-G4-3-1P,A03S-1302,AP2,2,large,1056.1951277106728,1056.1951277106725,1056.1951277106725
AP2-G4-3-1S,A03S-1302,AP2,2,large,1056.1951277106728,1056.1951277106725,1056.1951277106725
AP2-G5-1-1P,A03S-1302,AP2,2,large,1056.1951277106728,1056.1951277106725,1056.1951277106725
AP2-G5-1-1S,A03S-1302,AP2,2,large,1056.1951277106728,1056.1951277106725,1056.1951277106725
AP2-G5-2-1P,A03S-1302,AP2,2,large,1056.1951277106728,1056.1951277106725,1056.1951277106725
AP2-G5-2-1S,A03S-1302,AP2,2,large,1056.1951277106728,1056.1951277106725,1056.1951277106725
STA238FC-F240-1SP-1SP,T63S-4099,STA238FC,1,large,1001.4598969855642,1001.4598969855642,1001.4598969855642
STA238FC-F238-1SP-1SP,T63S-4098,STA238FC,1,large,1037.9135139719128,1037.9135139719128,1037.9135139719128
STA238FC-F238-CG1-1P,T63S-4100,STA238FC,1,small,1246.287981502297,1309.386731184837,1820.173070527621
STA238FC-F238-CG1-1S,T63S-4100,STA238FC,1,small,1246.287981502297,1309.386731184837,1820.173070527621
STA238FC-F238-CG1D1-1P,T63S-4100,STA238FC,1,small,1246.287981502297,1309.386731184837,1820.173070527621
STA238FC-F238-CG1D1-1S,T63S-4100,STA238FC,1,small,1246.287981502297,1309.386731184837,1820.173070527621
STA238FC-F238-CG2-1P,T63S-4100,STA238FC,1,small,1246.287981502297,1309.386731184837,1820.173070527621
STA238FC-F238-CG2-1S,T63S-4100,STA238FC,1,small,1246.287981502297,1309.386731184837,1820.173070527621
STA238FC-F238-CG2D1-1P,T63S-4100,STA238FC,1,small,1246.287981502297,1309.386731184837,1820.173070527621
STA238FC-F238-CG2D1-1S,T63S-4100,STA238FC,1,small,1246.287981502297,1309.386731184837,1820.173070527621
STA238FC-F238-CG3-1P,T63S-4100,STA238FC,1,small,1246.287981502297,1309.386731184837,1820.173070527621
STA238FC-F238-CG3-1S,T63S-4100,STA238FC,1,small,1246.287981502297,1309.386731184837,1820.173070527621
STA238FC-F238-CG3D1-1P,T63S-4100,STA238FC,1,small,1246.287981502297,1309.386731184837,1820.173070527621
STA238FC-F238-CG3D1-1S,T63S-4100,STA238FC,1,small,1246.287981502297,1309.386731184837,1820.173070527621
STA238FC-F238-CG4D1SP-1S,T63S-4100,STA238FC,1,small,1246.287981502297,1309.386731184837,1820.173070527621
STA238FC-F238-CG4SP-1SP,T63S-4100,STA238FC,1,small,1246.287981502297,1309.386731184837,1820.173070527621
STA238FC-F240-CG1-1P,T63S-4100,STA238FC,1,small,1246.287981502297,1309.386731184837,1820.173070527621
STA238FC-F240-CG1-1S,T63S-4100,STA238FC,1,small,1246.287981502297,1309.386731184837,1820.173070527621
STA238FC-F240-CG1D1-1P,T63S-4100,STA238FC,1,small,1246.287981502297,1309.386731184837,1820.173070527621
STA238FC-F240-CG1D1-1S,T63S-4100,STA238FC,1,small,1246.287981502297,1309.386731184837,1820.173070527621
STA238FC-F240-CG2-1P,T63S-4100,STA238FC,1,small,1246.287981502297,1309.386731184837,1820.173070527621
STA238FC-F240-CG2-1S,T63S-4100,STA238FC,1,small,1246.287981502297,1309.386731184837,1820.173070527621
STA238FC-F240-CG2D1-1P,T63S-4100,STA238FC,1,small,1246.287981502297,1309.386731184837,1820.173070527621
STA238FC-F240-CG2D1-1S,T63S-4100,STA238FC,1,small,1246.287981502297,1309.386731184837,1820.173070527621
STA238FC-F240-CG3-1P,T63S-4100,STA238FC,1,small,1246.287981502297,1309.386731184837,1820.173070527621
STA238FC-F240-CG3-1S,T63S-4100,STA238FC,1,small,1246.287981502297,1309.386731184837,1820.173070527621
STA238FC-F240-CG3D1-1P,T63S-4100,STA238FC,1,small,1246.287981502297,1309.386731184837,1820.173070527621
STA238FC-F240-CG3D1-1S,T63S-4100,STA238FC,1,small,1246.287981502297,1309.386731184837,1820.173070527621
STA238FC-F240-CG4D1SP-1S,T63S-4100,STA238FC,1,small,1246.287981502297,1309.386731184837,1820.173070527621
STA238FC-F240-CG4SP-1SP,T63S-4100,STA238FC,1,small,1246.287981502297,1309.386731184837,1820.173070527621
STA238FC-F238A-2P-1P,T63S-4100,STA238FC,2,small,1246.287981502297,1382.430316462615,1821.548070527621
STA238FC-F238A-3SP-1SP,T63S-4100,STA238FC,2,small,1246.287981502297,1382.430316462615,1821.548070527621
STA238FC-F238A-4S-1S,T63S-4100,STA238FC,2,small,1246.287981502297,1382.430316462615,1821.548070527621
STA238FC-F240A-1SP-1SP,T63S-4100,STA238FC,2,small,1246.287981502297,1382.430316462615,1821.548070527621
STA238FC-F240A-2P-1P,T63S-4100,STA238FC,2,small,1246.287981502297,1382.430316462615,1821.548070527621
STA238FC-F240A-4S-1S,T63S-4100,STA238FC,2,small,1246.287981502297,1382.430316462615,1821.548070527621
STA238FC-R3-1B1P-1P,T63S-4100,STA238FC,3,small,1246.287981502297,1772.7981461868471,1827.923070527621
STA238FC-BG-2WP-2P,T63S-4103,STA238FC,2,small,1113.5964058517607,1788.2981461868471,1821.548070527621
STA238FC-BG-3WS-2S,T63S-4103,STA238FC,2,small,1113.5964058517607,1788.2981461868471,1821.548070527621
STA238FC-MG-2WSP-2SP,T63S-4103,STA238FC,2,small,1113.5964058517607,1788.2981461868471,1821.548070527621
STA238FC-BG-1-1P,T63S-4103,STA238FC,1,large,1113.5964058517607,1112.6123475806985,1112.6123475806985
STA238FC-BG-1-1S,T63S-4103,STA238FC,1,large,1113.5964058517607,1112.6123475806985,1112.6123475806985
STA238FC-MG-1SP-1SP,T63S-4103,STA238FC,1,large,1113.5964058517607,1112.6123475806985,1112.6123475806985
STA238FC-F240-1SP-4SP,T63S-4089,STA238FC,1,small,1265.037981502297,1318.6117311848368,1820.173070527621
STA238FC-F240-1SP-6SP,T63S-4089,STA238FC,1,small,1265.037981502297,1318.6117311848368,1820.173070527621
STA238FC-F240-3-1P,T63S-4089,STA238FC,2,small,1265.037981502297,1270.637981502297,1821.548070527621
STA238FC-F240-3-1S,T63S-4089,STA238FC,2,small,1265.037981502297,1270.637981502297,1821.548070527621
STA238FC-F240-4P-1P,T63S-4089,STA238FC,2,small,1265.037981502297,1270.637981502297,1821.548070527621
STA238FC-F238-1SP-1BSP,T63S-4101,STA238FC,1,small,1210.2984397140194,1244.6257345552888,1820.173070527621
STA238FC-F238-1SP-2BSP,T63S-4101,STA238FC,1,small,1210.2984397140194,1244.6257345552888,1820.173070527621
STA238FC-F238-1SP-3BSP,T63S-4101,STA238FC,1,small,1210.2984397140194,1244.6257345552888,1820.173070527621
STA238FC-F238-1SP-4BSP,T63S-4101,STA238FC,1,small,1210.2984397140194,1244.6257345552888,1820.173070527621
STA238FC-F240-1SP-1BSP,T63S-4101,STA238FC,1,small,1210.2984397140194,1244.6257345552888,1820.173070527621
STA238FC-F240-1SP-2BSP,T63S-4101,STA238FC,1,small,1210.2984397140194,1244.6257345552888,1820.173070527621
STA238FC-F240-1SP-3BSP,T63S-4101,STA238FC,1,small,1210.2984397140194,1244.6257345552888,1820.173070527621
STA238FC-F240-1SP-4BSP,T63S-4101,STA238FC,1,small,1210.2984397140194,1244.6257345552888,1820.173070527621
STA238FC-F240-1SP-5BSP,T63S-4101,STA238FC,1,small,1210.2984397140194,1244.6257345552888,1820.173070527621
STA238FC-F240-1SP-6BSP,T63S-4101,STA238FC,1,small,1210.2984397140194,1244.6257345552888,1820.173070527621
STA238FC-F240-1SP-7BSP,T63S-4101,STA238FC,1,small,1210.2984397140194,1244.6257345552888,1820.173070527621
STA238FC-F240-1SP-8BSP,T63S-4101,STA238FC,1,small,1210.2984397140194,1244.6257345552888,1820.173070527621
STA238FC-AG-1-1P,T63S-4101,STA238FC,2,small,1210.2984397140194,1788.2981461868471,1821.548070527621
STA238FC-AG-1-1S,T63S-4101,STA238FC,2,small,1210.2984397140194,1788.2981461868471,1821.548070527621
STA238FC-CG-1-1P,T63S-4101,STA238FC,2,small,1210.2984397140194,1788.2981461868471,1821.548070527621
STA238FC-CG-1-1S,T63S-4101,STA238FC,2,small,1210.2984397140194,1788.2981461868471,1821.548070527621
STA238FC-ADD-1SP-1SP,T63S-4102,STA238FC,1,large,1151.814654665679,1151.814654665679,1151.814654665679
STA238FC-F238-1SP-2SP,T63S-4093,STA238FC,1,large,1183.773272687396,1183.773272687396,1183.773272687396
STA238FC-S1-1B1-1P,T63S-4092,STA238FC,2,small,1302.572932375313,1382.430316462615,1821.548070527621
STA238FC-S1-1B1-1S,T63S-4092,STA238FC,2,small,1302.572932375313,1382.430316462615,1821.548070527621
STA238FC-S1-2B1-1P,T63S-4092,STA238FC,2,small,1302.572932375313,1382.430316462615,1821.548070527621
STA238FC-R2-1B1P-1P,T63S-4092,STA238FC,3,small,1302.572932375313,1772.7981461868471,1827.923070527621
STA238FC-R2-1B2P-1P,T63S-4092,STA238FC,3,small,1302.572932375313,1772.7981461868471,1827.923070527621
STA238FC-R2-2B1WS-1S,T63S-4092,STA238FC,3,small,1302.572932375313,1772.7981461868471,1827.923070527621
STA238FC-R2-2B2WS-1S,T63S-4092,STA238FC,3,small,1302.572932375313,1772.7981461868471,1827.923070527621
STA238FC-R2-3B1S-1S,T63S-4092,STA238FC,3,small,1302.572932375313,1772.7981461868471,1827.923070527621
STA238FC-R2-3B2S-1S,T63S-4092,STA238FC,3,small,1302.572932375313,1772.7981461868471,1827.923070527621
STA238FC-TOP-1SP-1SP,T63S-4092,STA238FC,3,large,1302.572932375313,1230.3397276397704,1230.3397276397704
STA238FC-TOP-1SP-3SP,T63S-4092,STA238FC,3,large,1302.572932375313,1230.3397276397704,1230.3397276397704
STA238FC-F238A-3SP-2SP,T63S-4088,STA238FC,2,small,1222.3868754283048,1215.03290534894,1821.548070527621
STA238FC-F240-5S-1S,T63S-4088,STA238FC,2,small,1222.3868754283048,1217.19960534894,1821.548070527621
STA238FC-F238A-1P-1P,T63S-4088,STA238FC,3,small,1222.3868754283048,1222.3868754283048,1827.923070527621
STA238FC-F240-1SP-2SP,T63S-4094,STA238FC,1,small,1310.386731184837,1309.386731184837,1820.173070527621
STA238FC-F240-1SP-5SP,T63S-4094,STA238FC,1,small,1310.386731184837,1318.6117311848368,1820.173070527621
STA238FC-F240-1SP-3SP,T63S-4094,STA238FC,1,large,1310.386731184837,1242.914291540044,1242.914291540044
STA238FC-P1-1B1-1P,T63S-4097,STA238FC,1,small,1266.4202423330664,1244.6257345552888,1820.173070527621
STA238FC-P1-1B1-1S,T63S-4097,STA238FC,1,small,1266.4202423330664,1244.6257345552888,1820.173070527621
STA238FC-P1-1B2-1P,T63S-4097,STA238FC,1,small,1266.4202423330664,1244.6257345552888,1820.173070527621
STA238FC-P1-1B2-1S,T63S-4097,STA238FC,1,small,1266.4202423330664,1244.6257345552888,1820.173070527621
STA238FC-P1-1-1P,T63S-4097,STA238FC,2,small,1266.4202423330664,1788.2981461868471,1821.548070527621
STA238FC-P1-1-1S,T63S-4097,STA238FC,2,small,1266.4202423330664,1788.2981461868471,1821.548070527621
STA238FC-P1-1F1-2P,T63S-4097,STA238FC,2,small,1266.4202423330664,1788.2981461868471,1821.548070527621
STA238FC-P1-1F1-2S,T63S-4097,STA238FC,2,small,1266.4202423330664,1788.2981461868471,1821.548070527621
STA238FC-R1-1B1-1P,T63S-4095,STA238FC,3,small,1368.5810094759236,1371.3310094759236,1827.923070527621
STA238FC-R1-1B1-1S,T63S-4095,STA238FC,3,small,1368.5810094759236,1371.3310094759236,1827.923070527621
STA238FC-R1-1B2-1P,T63S-4095,STA238FC,3,small,1368.5810094759236,1371.3310094759236,1827.923070527621
STA238FC-R1-1B2-1S,T63S-4095,STA238FC,3,small,1368.5810094759236,1371.3310094759236,1827.923070527621
STA238FC-R1-2B1P-1P,T63S-4095,STA238FC,3,small,1368.5810094759236,1371.3310094759236,1827.923070527621
STA238FC-R1-2B2P-1P,T63S-4095,STA238FC,3,small,1368.5810094759236,1371.3310094759236,1827.923070527621
STA238FC-R1-3B1P-1P,T63S-4095,STA238FC,3,small,1368.5810094759236,1371.3310094759236,1827.923070527621
STA238FC-R1-3B2P-1P,T63S-4095,STA238FC,3,small,1368.5810094759236,1371.3310094759236,1827.923070527621
STA238FC-R1-4B1P-1P,T63S-4095,STA238FC,3,small,1368.5810094759236,1371.3310094759236,1827.923070527621
STA238FC-R1-4B2P-1P,T63S-4095,STA238FC,3,small,1368.5810094759236,1371.3310094759236,1827.923070527621
STA238FC-R1-5B1-1P,T63S-4095,STA238FC,3,small,1368.5810094759236,1371.3310094759236,1827.923070527621
STA238FC-R1-5B1-1S,T63S-4095,STA238FC,3,small,1368.5810094759236,1371.3310094759236,1827.923070527621
STA238FC-R1-5B2-1P,T63S-4095,STA238FC,3,small,1368.5810094759236,1371.3310094759236,1827.923070527621
STA238FC-R1-5B2-1S,T63S-4095,STA238FC,3,small,1368.5810094759236,1371.3310094759236,1827.923070527621
STA238FC-R1-6B1-1P,T63S-4095,STA238FC,3,small,1368.5810094759236,1371.3310094759236,1827.923070527621
STA238FC-R1-6B1-1S,T63S-4095,STA238FC,3,small,1368.5810094759236,1371.3310094759236,1827.923070527621
STA238FC-R1-6B2-1P,T63S-4095,STA238FC,3,small,1368.5810094759236,1371.3310094759236,1827.923070527621
STA238FC-R1-6B2-1S,T63S-4095,STA238FC,3,small,1368.5810094759236,1371.3310094759236,1827.923070527621
STA238FC-R1-7B1S-1S,T63S-4095,STA238FC,3,small,1368.5810094759236,1371.3310094759236,1827.923070527621
STA238FC-R1-7B2S-1S,T63S-4095,STA238FC,3,small,1368.5810094759236,1371.3310094759236,1827.923070527621
STA238FC-R1-8B1S-1S,T63S-4095,STA238FC,3,small,1368.5810094759236,1371.3310094759236,1827.923070527621
STA238FC-R1-8B2S-1S,T63S-4095,STA238FC,3,small,1368.5810094759236,1371.3310094759236,1827.923070527621
STA238FC-R1-9B1S-1S,T63S-4095,STA238FC,3,small,1368.5810094759236,1371.3310094759236,1827.923070527621
STA238FC-R1-9B2S-1S,T63S-4095,STA238FC,3,small,1368.5810094759236,1371.3310094759236,1827.923070527621
DC12-F69-1B1SP-1SP,U02S-1347,DC12,1,small,1348.3720484467422,1515.864902967458,1757.2981461868471
DC12-F69-1B2P-1P,U02S-1347,DC12,1,small,1348.3720484467422,1515.864902967458,1757.2981461868471
DC12-F69-1B3S-1S,U02S-1347,DC12,1,small,1348.3720484467422,1515.864902967458,1757.2981461868471
DC12-F69-1B5-1P,U02S-1347,DC12,1,small,1348.3720484467422,1515.864902967458,1757.2981461868471
DC12-F69-1B5-1S,U02S-1347,DC12,1,small,1348.3720484467422,1515.864902967458,1757.2981461868471
DC12-F69-1B6-1P,U02S-1347,DC12,1,small,1348.3720484467422,1515.864902967458,1757.2981461868471
DC12-F69-1B7-1P,U02S-1347,DC12,1,small,1348.3720484467422,1515.864902967458,1757.2981461868471
DC12-F69-1B7-1S,U02S-1347,DC12,1,small,1348.3720484467422,1515.864902967458,1757.2981461868471
DC12-F69-1B8S-1S,U02S-1347,DC12,1,small,1348.3720484467422,1515.864902967458,1757.2981461868471
STA238FC-AG-2P-1P,T63S-4096,STA238FC,2,small,1379.680316462615,1382.430316462615,1821.548070527621
STA238FC-AG-3S-1S,T63S-4096,STA238FC,2,small,1379.680316462615,1382.430316462615,1821.548070527621
STA238FC-BG-2WP-1P,T63S-4096,STA238FC,2,small,1379.680316462615,1382.430316462615,1821.548070527621
STA238FC-BG-3WS-1S,T63S-4096,STA238FC,2,small,1379.680316462615,1382.430316462615,1821.548070527621
STA238FC-CG-2-1P,T63S-4096,STA238FC,2,small,1379.680316462615,1382.430316462615,1821.548070527621
STA238FC-CG-2-1S,T63S-4096,STA238FC,2,small,1379.680316462615,1382.430316462615,1821.548070527621
STA238FC-MG-2WSP-1SP,T63S-4096,STA238FC,2,small,1379.680316462615,1382.430316462615,1821.548070527621
DC12-DG-1-1BP,U02S-1344,DC12,2,small,1428.5133888410023,1645.4172987616369,1758.6731461868471
DC12-DG-1-1BS,U02S-1344,DC12,2,small,1428.5133888410023,1645.4172987616369,1758.6731461868471
DC12-DG-1-2BP,U02S-1344,DC12,2,small,1428.5133888410023,1645.4172987616369,1758.6731461868471
DC12-DG-1-2BS,U02S-1344,DC12,2,small,1428.5133888410023,1645.4172987616369,1758.6731461868471
DC12-DG-2-1BP,U02S-1344,DC12,2,small,1428.5133888410023,1645.4172987616369,1758.6731461868471
DC12-DG-2-1BS,U02S-1344,DC12,2,small,1428.5133888410023,1645.4172987616369,1758.6731461868471
DC12-DG-2-2BP,U02S-1344,DC12,2,small,1428.5133888410023,1645.4172987616369,1758.6731461868471
DC12-DG-2-2BS,U02S-1344,DC12,2,small,1428.5133888410023,1645.4172987616369,1758.6731461868471
DC12-DG-2-3BP,U02S-1344,DC12,2,small,1428.5133888410023,1645.4172987616369,1758.6731461868471
DC12-DG-2-3BS,U02S-1344,DC12,2,small,1428.5133888410023,1645.4172987616369,1758.6731461868471
DC12-F64-1B6-1P,U02S-1344,DC12,4,small,1428.5133888410023,1594.302935190209,1771.4231461868471
DC12-F64-1B6-1S,U02S-1344,DC12,4,small,1428.5133888410023,1594.302935190209,1771.4231461868471
DC12-F76-1B6-1P,U02S-1344,DC12,4,small,1428.5133888410023,1594.302935190209,1771.4231461868471
DC12-F76-1B6-1S,U02S-1344,DC12,4,small,1428.5133888410023,1594.302935190209,1771.4231461868471
DC12-AG-3P-1P,U02S-1344,DC12,1,large,1428.5133888410023,1330.146275747291,1330.146275747291
DC12-AG-4S-1S,U02S-1344,DC12,1,large,1428.5133888410023,1330.146275747291,1330.146275747291
DC12-CG-3-1P,U02S-1344,DC12,1,large,1428.5133888410023,1330.146275747291,1330.146275747291
DC12-CG-3-1S,U02S-1344,DC12,1,large,1428.5133888410023,1330.146275747291,1330.146275747291
DC12-DG-3-1P,U02S-1344,DC12,1,large,1428.5133888410023,1330.146275747291,1330.146275747291
DC12-DG-3-1S,U02S-1344,DC12,1,large,1428.5133888410023,1330.146275747291,1330.146275747291
DC12-AG-4S-1BS,U02S-1343,DC12,1,small,1605.7854185230135,1515.864902967458,1757.2981461868471
DC12-DG-3-1BP,U02S-1343,DC12,1,small,1605.7854185230135,1515.864902967458,1757.2981461868471
DC12-DG-3-1BS,U02S-1343,DC12,1,small,1605.7854185230135,1515.864902967458,1757.2981461868471
DC12-DG-3-2BP,U02S-1343,DC12,1,small,1605.7854185230135,1515.864902967458,1757.2981461868471
DC12-DG-3-2BS,U02S-1343,DC12,1,small,1605.7854185230135,1515.864902967458,1757.2981461868471
DC12-UD-1KSP-12BSP,U02S-1343,DC12,1,small,1605.7854185230135,1515.864902967458,1757.2981461868471
DC12-UD-1KSP-13BSP,U02S-1343,DC12,1,small,1605.7854185230135,1515.864902967458,1757.2981461868471
DC12-UD-1KSP-1BSP,U02S-1343,DC12,1,small,1605.7854185230135,1515.864902967458,1757.2981461868471
DC12-UD-1KSP-2BSP,U02S-1343,DC12,1,small,1605.7854185230135,1515.864902967458,1757.2981461868471
DC12-UD-1KSP-6BSP,U02S-1343,DC12,1,small,1605.7854185230135,1515.864902967458,1757.2981461868471
DC12-DG-1-3BP,U02S-1343,DC12,2,small,1605.7854185230135,1532.997596776982,1758.6731461868471
DC12-DG-1-4BS,U02S-1343,DC12,2,small,1605.7854185230135,1532.997596776982,1758.6731461868471
DC12-DG-2-4BP,U02S-1343,DC12,2,small,1605.7854185230135,1532.997596776982,1758.6731461868471
DC12-DG-2-5BS,U02S-1343,DC12,2,small,1605.7854185230135,1532.997596776982,1758.6731461868471
DC12-F64-1B10-1P,U02S-1343,DC12,3,small,1605.7854185230135,1666.2020577293629,1765.0481461868471
DC12-F64-1B10-1S,U02S-1343,DC12,3,small,1605.7854185230135,1666.2020577293629,1765.0481461868471
DC12-F64-1B11-1P,U02S-1343,DC12,3,small,1605.7854185230135,1666.2020577293629,1765.0481461868471
DC12-F64-1B11-1S,U02S-1343,DC12,3,small,1605.7854185230135,1666.2020577293629,1765.0481461868471
DC12-F64-1B8-1P,U02S-1343,DC12,3,small,1605.7854185230135,1666.2020577293629,1765.0481461868471
DC12-F64-1B9-1P,U02S-1343,DC12,3,small,1605.7854185230135,1666.2020577293629,1765.0481461868471
DC12-F64-1B9-1S,U02S-1343,DC12,3,small,1605.7854185230135,1666.2020577293629,1765.0481461868471
DC12-F76-1B1-1P,U02S-1343,DC12,3,small,1605.7854185230135,1666.2020577293629,1765.0481461868471
DC12-F76-1B10-1P,U02S-1343,DC12,3,small,1605.7854185230135,1666.2020577293629,1765.0481461868471
DC12-F76-1B10-1S,U02S-1343,DC12,3,small,1605.7854185230135,1666.2020577293629,1765.0481461868471
DC12-F76-1B11-1P,U02S-1343,DC12,3,small,1605.7854185230135,1666.2020577293629,1765.0481461868471
DC12-F76-1B11-1S,U02S-1343,DC12,3,small,1605.7854185230135,1666.2020577293629,1765.0481461868471
DC12-F76-1B8-1P,U02S-1343,DC12,3,small,1605.7854185230135,1666.2020577293629,1765.0481461868471
DC12-F76-1B9-1P,U02S-1343,DC12,3,small,1605.7854185230135,1666.2020577293629,1765.0481461868471
DC12-F76-1B9-1S,U02S-1343,DC12,3,small,1605.7854185230135,1666.2020577293629,1765.0481461868471
DC12-CG-1-1P,U02S-1343,DC12,2,large,1605.7854185230135,1494.4355106548826,1494.4355106548826
DC12-CG-1-1S,U02S-1343,DC12,2,large,1605.7854185230135,1494.4355106548826,1494.4355106548826
DC12-CG-2-1P,U02S-1343,DC12,2,large,1605.7854185230135,1494.4355106548826,1494.4355106548826
DC12-CG-2-1S,U02S-1343,DC12,2,large,1605.7854185230135,1494.4355106548826,1494.4355106548826
DC12-DG-1-1P,U02S-1343,DC12,2,large,1605.7854185230135,1494.4355106548826,1494.4355106548826
DC12-DG-1-1S,U02S-1343,DC12,2,large,1605.7854185230135,1494.4355106548826,1494.4355106548826
DC12-DG-2-1P,U02S-1343,DC12,2,large,1605.7854185230135,1494.4355106548826,1494.4355106548826
DC12-DG-2-1S,U02S-1343,DC12,2,large,1605.7854185230135,1494.4355106548826,1494.4355106548826
DC12-UD-1KSP-14BSP,U02S-1348,DC12,1,small,1457.7732983648125,1460.5232983648125,1757.2981461868471
DC12-UD-1KSP-15BSP,U02S-1348,DC12,1,small,1457.7732983648125,1460.5232983648125,1757.2981461868471
DC12-UD-1KSP-16BSP,U02S-1348,DC12,1,small,1457.7732983648125,1460.5232983648125,1757.2981461868471
DC12-UD-1KSP-3BSP,U02S-1348,DC12,1,small,1457.7732983648125,1460.5232983648125,1757.2981461868471
DC12-UD-1KSP-4BSP,U02S-1348,DC12,1,small,1457.7732983648125,1460.5232983648125,1757.2981461868471
DC12-UD-1KSP-5BSP,U02S-1348,DC12,1,small,1457.7732983648125,1460.5232983648125,1757.2981461868471
DC12-F70-1SP-1SP,U02S-1338,DC12,1,large,1394.359227417379,1418.002507417379,1418.002507417379
DC12-AG-1-2BP,U02S-1346,DC12,2,small,1505.2216868568757,1462.7147958251298,1758.6731461868471
DC12-AG-1-2BS,U02S-1346,DC12,2,small,1505.2216868568757,1467.6562932854472,1758.6731461868471
DC12-AG-2-2BP,U02S-1346,DC12,2,small,1505.2216868568757,1472.512392967987,1758.6731461868471
DC12-AG-2-2BS,U02S-1346,DC12,2,small,1505.2216868568757,1477.3684924917964,1758.6731461868471
DC12-CG-2-3BP,U02S-1346,DC12,2,small,1505.2216868568757,1482.132143206082,1758.6731461868471
DC12-CG-2-3BS,U02S-1346,DC12,2,small,1505.2216868568757,1486.8957939203676,1758.6731461868471
DC12-F64-1B7-1P,U02S-1346,DC12,3,small,1505.2216868568757,1507.9716868568757,1765.0481461868471
DC12-F64-1B7-1S,U02S-1346,DC12,3,small,1505.2216868568757,1507.9716868568757,1765.0481461868471
DC12-F76-1B7-1P,U02S-1346,DC12,3,small,1505.2216868568757,1507.9716868568757,1765.0481461868471
DC12-F76-1B7-1S,U02S-1346,DC12,3,small,1505.2216868568757,1507.9716868568757,1765.0481461868471
DC12-UD-1KSP-10BSP,U02S-1335,DC12,2,small,1542.127669555288,1645.4172987616369,1758.6731461868471
DC12-UD-1KSP-8BSP,U02S-1335,DC12,2,small,1542.127669555288,1645.4172987616369,1758.6731461868471
DC12-CHL-1E-1P,U02S-1335,DC12,4,small,1542.127669555288,1517.1186078886217,1771.4231461868471
DC12-CHL-1E-1S,U02S-1335,DC12,4,small,1542.127669555288,1519.2853078886217,1771.4231461868471
DC12-CHL-2E-1P,U02S-1335,DC12,4,small,1542.127669555288,1521.4520078886217,1771.4231461868471
DC12-CHL-2E-1S,U02S-1335,DC12,4,small,1542.127669555288,1523.6187078886217,1771.4231461868471
DC12-CHL-4E-1P,U02S-1335,DC12,4,small,1542.127669555288,1528.3572107457644,1771.4231461868471
DC12-CHL-4E-1S,U02S-1335,DC12,4,small,1542.127669555288,1533.0957134441771,1771.4231461868471
DC12-CHL-6E-1P,U02S-1335,DC12,4,small,1542.127669555288,1537.6116915394152,1771.4231461868471
DC12-CHL-6E-1S,U02S-1335,DC12,4,small,1542.127669555288,1542.127669555288,1771.4231461868471
DC12-F68-1SP-1SP,U02S-1341,DC12,2,small,1591.552935190209,1645.4172987616369,1758.6731461868471
DC12-F71-1SP-1SP,U02S-1341,DC12,2,small,1591.552935190209,1645.4172987616369,1758.6731461868471
DC12-F72-1SP-1SP,U02S-1341,DC12,2,small,1591.552935190209,1645.4172987616369,1758.6731461868471
DC12-UD-1KSP-7BSP,U02S-1341,DC12,2,small,1591.552935190209,1645.4172987616369,1758.6731461868471
DC12-UD-1KSP-9BSP,U02S-1341,DC12,2,small,1591.552935190209,1645.4172987616369,1758.6731461868471
DC12-F71-2-1P,U02S-1341,DC12,4,small,1591.552935190209,1594.302935190209,1771.4231461868471
DC12-F71-2-1S,U02S-1341,DC12,4,small,1591.552935190209,1594.302935190209,1771.4231461868471
DC12-UD-1KSP-11BSP,U02S-1341,DC12,4,small,1591.552935190209,1594.302935190209,1771.4231461868471
DC12-F64-1B1-1P,U02S-1340,DC12,3,small,1663.4520577293629,1666.2020577293629,1765.0481461868471
DC12-F64-1B1-1S,U02S-1340,DC12,3,small,1663.4520577293629,1666.2020577293629,1765.0481461868471
DC12-F64-1B2-1P,U02S-1340,DC12,3,small,1663.4520577293629,1666.2020577293629,1765.0481461868471
DC12-F64-1B2-1S,U02S-1340,DC12,3,small,1663.4520577293629,1666.2020577293629,1765.0481461868471
DC12-F64-1B3-1P,U02S-1340,DC12,3,small,1663.4520577293629,1666.2020577293629,1765.0481461868471
DC12-F64-1B3-1S,U02S-1340,DC12,3,small,1663.4520577293629,1666.2020577293629,1765.0481461868471
DC12-F76-1B1-1S,U02S-1340,DC12,3,small,1663.4520577293629,1666.2020577293629,1765.0481461868471
DC12-F76-1B2-1P,U02S-1340,DC12,3,small,1663.4520577293629,1666.2020577293629,1765.0481461868471
DC12-F76-1B2-1S,U02S-1340,DC12,3,small,1663.4520577293629,1666.2020577293629,1765.0481461868471
DC12-F76-1B3-1P,U02S-1340,DC12,3,small,1663.4520577293629,1666.2020577293629,1765.0481461868471
DC12-F76-1B3-1S,U02S-1340,DC12,3,small,1663.4520577293629,1666.2020577293629,1765.0481461868471
DC12-AG-1-1P,U02S-1340,DC12,2,large,1663.4520577293629,1596.5109096641283,1596.5109096641283
DC12-AG-1-1S,U02S-1340,DC12,2,large,1663.4520577293629,1596.5109096641283,1596.5109096641283
DC12-AG-2-1P,U02S-1340,DC12,2,large,1663.4520577293629,1596.5109096641283,1596.5109096641283
DC12-AG-2-1S,U02S-1340,DC12,2,large,1663.4520577293629,1596.5109096641283,1596.5109096641283
DC12-AG-1-1BP,U02S-1345,DC12,2,small,1642.6672987616369,1645.4172987616369,1758.6731461868471
DC12-AG-1-1BS,U02S-1345,DC12,2,small,1642.6672987616369,1645.4172987616369,1758.6731461868471
DC12-AG-2-1BP,U02S-1345,DC12,2,small,1642.6672987616369,1645.4172987616369,1758.6731461868471
DC12-AG-2-1BS,U02S-1345,DC12,2,small,1642.6672987616369,1645.4172987616369,1758.6731461868471
DC12-CG-1-1BP,U02S-1345,DC12,2,small,1642.6672987616369,1645.4172987616369,1758.6731461868471
DC12-CG-1-1BS,U02S-1345,DC12,2,small,1642.6672987616369,1645.4172987616369,1758.6731461868471
DC12-CG-1-2BP,U02S-1345,DC12,2,small,1642.6672987616369,1645.4172987616369,1758.6731461868471
DC12-CG-1-2BS,U02S-1345,DC12,2,small,1642.6672987616369,1645.4172987616369,1758.6731461868471
DC12-CG-2-1BP,U02S-1345,DC12,2,small,1642.6672987616369,1645.4172987616369,1758.6731461868471
DC12-CG-2-1BS,U02S-1345,DC12,2,small,1642.6672987616369,1645.4172987616369,1758.6731461868471
DC12-CG-2-2BP,U02S-1345,DC12,2,small,1642.6672987616369,1645.4172987616369,1758.6731461868471
DC12-CG-2-2BS,U02S-1345,DC12,2,small,1642.6672987616369,1645.4172987616369,1758.6731461868471
DC12-F64-1KSP-3SP,U02S-1342,DC12,3,large,1586.2012456641285,1586.2012456641285,1586.2012456641285
DC12-F76-1KSP-3SP,U02S-1342,DC12,3,large,1586.2012456641285,1586.2012456641285,1586.2012456641285
DC12-F64-1B4W-1P,U02S-1336,DC12,3,small,1703.0027028087281,1708.602702808728,1765.0481461868471
DC12-F64-1B4W-1S,U02S-1336,DC12,3,small,1703.0027028087281,1708.602702808728,1765.0481461868471
DC12-F64-1B5W-1P,U02S-1336,DC12,3,small,1703.0027028087281,1708.602702808728,1765.0481461868471
DC12-F64-1B5W-1S,U02S-1336,DC12,3,small,1703.0027028087281,1708.602702808728,1765.0481461868471
DC12-F76-1B4W-1P,U02S-1336,DC12,3,small,1703.0027028087281,1708.602702808728,1765.0481461868471
DC12-F76-1B4W-1S,U02S-1336,DC12,3,small,1703.0027028087281,1708.602702808728,1765.0481461868471
DC12-F76-1B5W-1P,U02S-1336,DC12,3,small,1703.0027028087281,1708.602702808728,1765.0481461868471
DC12-F76-1B5W-1S,U02S-1336,DC12,3,small,1703.0027028087281,1708.602702808728,1765.0481461868471
DC12-UD-1KSP-5SP,U02A-1331,DC12,4,large,1637.2799743534424,1637.2799743534424,1637.2799743534424
DC12-F64-1KSP-1SP,U02S-1339,DC12,3,large,1652.627718786612,1682.6751667866117,1682.6751667866117
DC12-F64-1KSP-2SP,U02S-1339,DC12,3,large,1652.627718786612,1682.6751667866117,1682.6751667866117
DC12-F76-1KSP-1SP,U02S-1339,DC12,3,large,1652.627718786612,1682.6751667866117,1682.6751667866117
DC12-F76-1KSP-2SP,U02S-1339,DC12,3,large,1652.627718786612,1682.6751667866117,1682.6751667866117
DC12-F69-1SP-1SP,U02S-1337,DC12,4,large,1685.6751667866117,1711.2984467866117,1711.2984467866117
DC12-UD-1KSP-4SP,U02A-1330,DC12,4,large,1716.2984467866117,1716.2984467866117,1716.2984467866117
DC12-UD-1KSP-1SP,U02B-1332,DC12,4,large,1721.2984467866117,1721.2984467866117,1721.2984467866117
DC12-UD-1KSP-2SP,U02B-1333,DC12,4,large,1747.0493785521544,1747.0493785521544,1747.0493785521544
DC12-UD-1KSP-3SP,U02B-1334,DC12,4,large,1740.477180132076,1740.477180132076,1740.477180132076
STA238FC-P1-1F1-1P,T63S-4091,STA238FC,2,small,1780.5693949665194,1788.2981461868471,1821.548070527621
STA238FC-P1-1F1-1S,T63S-4091,STA238FC,2,small,1780.5693949665194,1788.2981461868471,1821.548070527621
STA238FC-P1-1F1-3P,T63S-4091,STA238FC,2,small,1780.5693949665194,1788.2981461868471,1821.548070527621
STA238FC-P1-1F1-3S,T63S-4091,STA238FC,2,small,1780.5693949665194,1788.2981461868471,1821.548070527621
STA238FC-F238-1B1P-1P,T63S-4855,STA238FC,3,small,1760.971430024762,1772.7981461868471,1827.923070527621
STA238FC-F238-1B2WS-1S,T63S-4855,STA238FC,3,small,1760.971430024762,1772.7981461868471,1827.923070527621
STA238FC-F240-1B1P-1P,T63S-4855,STA238FC,3,small,1760.971430024762,1772.7981461868471,1827.923070527621
STA238FC-F240-1B2WS-1S,T63S-4855,STA238FC,3,small,1760.971430024762,1772.7981461868471,1827.923070527621
STA238FC-TOP-1SP-4SP,T63S-4084,STA238FC,3,small,1774.0355428770242,1791.0481461868471,1827.923070527621
STA238FC-TOP-1SP-5SP,T63S-4084,STA238FC,3,small,1774.0355428770242,1791.0481461868471,1827.923070527621
STA238FC-TOP-1SP-6SP,T63S-4090,STA238FC,3,large,1785.228632765461,1785.228632765461,1785.228632765461
STA238FC-TOP-1SP-2SP,T63S-4086,STA238FC,3,large,1812.423070527621,1812.423070527621,1812.423070527621
STA238FC-TOP-1SP-7SP,T63S-4087,STA238FC,3,large,1817.423070527621,1817.423070527621,1817.423070527621
N1-CG-2KS-2S,E01S-1211,BN1,1,large,1831.423070527621,1900.263006527621,1900.263006527621
N1-F31-8S-1S,E01S-1211,BN1,2,large,1831.423070527621,1900.263006527621,1900.263006527621
N1-F29-7S-1S,E01S-1211,BN1,3,large,1831.423070527621,1900.263006527621,1900.263006527621
N1-F31-4P-1P,E01S-1223,BN1,1,small,1851.7198828711544,1893.1596930982073,3248.427169380321
N1-F31-5S-1S,E01S-1223,BN1,2,small,1851.7198828711544,1899.5346930982073,3249.802169380321
N1-F32-6P-1P,E01S-1223,BN1,4,small,1851.7198828711544,2935.407612601576,3262.552169380321
N1-F32-7S-1S,E01S-1223,BN1,6,small,1851.7198828711544,2902.9470456174495,3275.302169380321
N1-F19-2-1P,E01S-1209,BN1,1,small,1885.3087654999715,1874.2804702618764,3248.427169380321
N1-F19-2-1S,E01S-1209,BN1,1,small,1885.3087654999715,1876.4471702618764,3248.427169380321
N1-F20-5-1P,E01S-1209,BN1,1,small,1885.3087654999715,1880.574299865051,3248.427169380321
N1-F20-5-1S,E01S-1209,BN1,1,small,1885.3087654999715,1885.3087654999715,3248.427169380321
N1-F19-2-1BS,E01S-1246,BN1,1,small,1982.2170184156678,1893.1596930982073,3248.427169380321
N1-F33-1B1K-1P,E01S-1246,BN1,2,small,1982.2170184156678,1899.5346930982073,3249.802169380321
N1-F32-2B1-1P,E01S-1246,BN1,4,small,1982.2170184156678,2935.407612601576,3262.552169380321
N1-F26-3B1S-1S,E01S-1246,BN1,5,small,1982.2170184156678,2941.782612601576,3268.927169380321
N1-F28-4B1S-1S,E01S-1246,BN1,5,small,1982.2170184156678,2941.782612601576,3268.927169380321
N1-AG-3-1P,E01S-1246,BN1,6,small,1982.2170184156678,2902.9470456174495,3275.302169380321
N1-F17-1B1-1P,E01S-1246,BN1,6,small,1982.2170184156678,1931.525677780747,3275.302169380321
N1-F17-1B1-1S,E01S-1246,BN1,6,small,1982.2170184156678,1931.525677780747,3275.302169380321
N1-F29-4B1P-1P,E01S-1246,BN1,6,small,1982.2170184156678,2902.9470456174495,3275.302169380321
N1-F30-2B1P-1P,E01S-1246,BN1,6,small,1982.2170184156678,2902.9470456174495,3275.302169380321
N1-F30-4B1P-1P,E01S-1246,BN1,6,small,1982.2170184156678,2902.9470456174495,3275.302169380321
N1-F32-2B1-1S,E01S-1246,BN1,6,small,1982.2170184156678,2902.9470456174495,3275.302169380321
N1-AG-3-1S,E01S-1246,BN1,7,small,1982.2170184156678,3086.1473771252113,3281.677169380321
N1-F27-4B1S-1S,E01S-1246,BN1,7,small,1982.2170184156678,3086.1473771252113,3281.677169380321
N1-F33-1B1K-1S,E01S-1246,BN1,7,small,1982.2170184156678,3086.1473771252113,3281.677169380321
N1-F21-1B1P-1P,E01S-1246,BN1,9,small,1982.2170184156678,2929.032612601576,3294.427169380321
N1-F30-1B1P-1P,E01S-1246,BN1,9,small,1982.2170184156678,2929.032612601576,3294.427169380321
N1-F31-1B1P-1P,E01S-1246,BN1,9,small,1982.2170184156678,2929.032612601576,3294.427169380321
N1-F34-2B1-1S,E01S-1246,BN1,9,small,1982.2170184156678,2929.032612601576,3294.427169380321
N1-F35-1B1-1P,E01S-1246,BN1,9,small,1982.2170184156678,2929.032612601576,3294.427169380321
N1-F19-2-1BP,E01S-1244,BN1,1,small,2018.2444300140874,2232.27725112427,3248.427169380321
N1-F30-1SP-2BSP,E01S-1244,BN1,1,small,2018.2444300140874,2232.27725112427,3248.427169380321
N1-F30-1SP-3BSP,E01S-1244,BN1,1,small,2018.2444300140874,2232.27725112427,3248.427169380321
N1-F26-4B1P-1P,E01S-1244,BN1,4,small,2018.2444300140874,2887.4210035164374,3262.552169380321
N1-F28-1B1P-1P,E01S-1244,BN1,4,small,2018.2444300140874,2887.4210035164374,3262.552169380321
N1-F28-2B1P-1P,E01S-1244,BN1,4,small,2018.2444300140874,2887.4210035164374,3262.552169380321
N1-F33-3B1-1P,E01S-1244,BN1,4,small,2018.2444300140874,2887.4210035164374,3262.552169380321
N1-F28-3B1S-1S,E01S-1244,BN1,5,small,2018.2444300140874,2893.7960035164374,3268.927169380321
N1-F33-3B1-1S,E01S-1244,BN1,5,small,2018.2444300140874,2893.7960035164374,3268.927169380321
N1-F22-1B1-1P,E01S-1244,BN1,6,small,2018.2444300140874,3188.5613874755595,3275.302169380321
N1-F20-3B1S-1S,E01S-1244,BN1,7,small,2018.2444300140874,3234.406244142226,3281.677169380321
N1-F21-2B1S-1S,E01S-1244,BN1,7,small,2018.2444300140874,3234.406244142226,3281.677169380321
N1-F22-1B1-1S,E01S-1244,BN1,7,small,2018.2444300140874,3234.406244142226,3281.677169380321
N1-F27-2B1S-1S,E01S-1244,BN1,7,small,2018.2444300140874,3234.406244142226,3281.677169380321
N1-LG32-1B1-1P,E01S-1244,BN1,8,small,2018.2444300140874,2793.26278336543,3288.052169380321
N1-LG32-1B1-1S,E01S-1244,BN1,8,small,2018.2444300140874,2793.26278336543,3288.052169380321
N1-F34-1B1-1P,E01S-1244,BN1,9,small,2018.2444300140874,3242.927169380321,3294.427169380321
N1-F34-1B1-1S,E01S-1244,BN1,9,small,2018.2444300140874,3242.927169380321,3294.427169380321
N1-F34-2B1-1P,E01S-1244,BN1,9,small,2018.2444300140874,3242.927169380321,3294.427169380321
N1-F35-1B1-1S,E01S-1244,BN1,9,small,2018.2444300140874,3242.927169380321,3294.427169380321
N1-F33-1SP-1BSP,E01S-1229,BN1,6,small,2043.836954447414,2902.9470456174495,3275.302169380321
N1-F33-1SP-2BSP,E01S-1229,BN1,6,small,2043.836954447414,2902.9470456174495,3275.302169380321
N1-F33-1SP-3BSP,E01S-1229,BN1,6,small,2043.836954447414,2902.9470456174495,3275.302169380321
N1-F33-1SP-4BSP,E01S-1229,BN1,6,small,2043.836954447414,2902.9470456174495,3275.302169380321
N1-F33-1SP-5BSP,E01S-1229,BN1,6,small,2043.836954447414,2902.9470456174495,3275.302169380321
N1-F33-1SP-6BSP,E01S-1229,BN1,6,small,2043.836954447414,2902.9470456174495,3275.302169380321
N1-F36-1P-1BP,E01S-1229,BN1,6,small,2043.836954447414,2902.9470456174495,3275.302169380321
N1-F36-1P-3BP,E01S-1229,BN1,6,small,2043.836954447414,2902.9470456174495,3275.302169380321
N1-F36-1P-6BP,E01S-1229,BN1,6,small,2043.836954447414,2902.9470456174495,3275.302169380321
N1-F36-2S-5BS,E01S-1229,BN1,7,small,2043.836954447414,3086.1473771252113,3281.677169380321
N1-F36-1P/C1P,E01S-1229,BN1,9,small,2043.836954447414,2929.032612601576,3294.427169380321
N1-F36-1P/C2P,E01S-1229,BN1,9,small,2043.836954447414,2929.032612601576,3294.427169380321
N1-CG-2KS-1S,E01S-1229,BN1,1,large,2043.836954447414,1965.0991857560355,1965.0991857560355
N1-CG-1KP-1P,E01S-1229,BN1,2,large,2043.836954447414,1965.0991857560355,1965.0991857560355
N1-LG3-1-1P,E01S-1204,BN1,1,large,2006.4403366354795,2085.0930806354795,2085.0930806354795
N1-LG3-1-1S,E01S-1204,BN1,1,large,2006.4403366354795,2085.0930806354795,2085.0930806354795
N1-F19-1SP-1BSP,E01S-1226,BN1,3,small,2100.721401892165,2838.0690142682433,3256.177169380321
N1-F34-1-1P,E01S-1226,BN1,6,small,2100.721401892165,2902.9470456174495,3275.302169380321
N1-F34-1-2P,E01S-1226,BN1,6,small,2100.721401892165,2902.9470456174495,3275.302169380321
N1-F35-1-1P,E01S-1226,BN1,6,small,2100.721401892165,2902.9470456174495,3275.302169380321
N1-F35-1-2P,E01S-1226,BN1,6,small,2100.721401892165,2902.9470456174495,3275.302169380321
N1-F34-1-1S,E01S-1226,BN1,7,small,2100.721401892165,3086.1473771252113,3281.677169380321
N1-F34-1-2S,E01S-1226,BN1,7,small,2100.721401892165,3086.1473771252113,3281.677169380321
N1-F35-1-1S,E01S-1226,BN1,7,small,2100.721401892165,3086.1473771252113,3281.677169380321
N1-F35-1-2S,E01S-1226,BN1,7,small,2100.721401892165,3086.1473771252113,3281.677169380321
N1-F30-1SP-1BSP,E01S-1226,BN1,9,small,2100.721401892165,2929.032612601576,3294.427169380321
N1-MG-3SP-1SP,E01S-1226,BN1,1,large,2100.721401892165,2061.374074669943,2061.374074669943
N1-MG-4SP-1SP,E01S-1226,BN1,1,large,2100.721401892165,2061.374074669943,2061.374074669943
N1-LG1-2-10BP,E01S-1203,BN1,1,small,2200.5822621434704,2232.27725112427,3248.427169380321
N1-LG1-2-10BS,E01S-1203,BN1,1,small,2200.5822621434704,2232.27725112427,3248.427169380321
N1-LG1-2-1BP,E01S-1203,BN1,1,small,2200.5822621434704,2232.27725112427,3248.427169380321
N1-LG1-2-1BS,E01S-1203,BN1,1,small,2200.5822621434704,2232.27725112427,3248.427169380321
N1-LG1-2-2BP,E01S-1203,BN1,1,small,2200.5822621434704,2232.27725112427,3248.427169380321
N1-LG1-2-2BS,E01S-1203,BN1,1,small,2200.5822621434704,2232.27725112427,3248.427169380321
N1-LG1-2-3BP,E01S-1203,BN1,1,small,2200.5822621434704,2232.27725112427,3248.427169380321
N1-LG1-2-3BS,E01S-1203,BN1,1,small,2200.5822621434704,2232.27725112427,3248.427169380321
N1-LG1-2-4BP,E01S-1203,BN1,1,small,2200.5822621434704,2232.27725112427,3248.427169380321
N1-LG1-2-4BS,E01S-1203,BN1,1,small,2200.5822621434704,2232.27725112427,3248.427169380321
N1-LG1-2-5BP,E01S-1203,BN1,1,small,2200.5822621434704,2232.27725112427,3248.427169380321
N1-LG1-2-5BS,E01S-1203,BN1,1,small,2200.5822621434704,2232.27725112427,3248.427169380321
N1-LG1-2-6BP,E01S-1203,BN1,1,small,2200.5822621434704,2232.27725112427,3248.427169380321
N1-LG1-2-6BS,E01S-1203,BN1,1,small,2200.5822621434704,2232.27725112427,3248.427169380321
N1-LG1-2-7BP,E01S-1203,BN1,1,small,2200.5822621434704,2232.27725112427,3248.427169380321
N1-LG1-2-7BS,E01S-1203,BN1,1,small,2200.5822621434704,2232.27725112427,3248.427169380321
N1-LG1-2-8BP,E01S-1203,BN1,1,small,2200.5822621434704,2232.27725112427,3248.427169380321
N1-LG1-2-8BS,E01S-1203,BN1,1,small,2200.5822621434704,2232.27725112427,3248.427169380321
N1-LG1-2-9BP,E01S-1203,BN1,1,small,2200.5822621434704,2232.27725112427,3248.427169380321
N1-LG1-2-9BS,E01S-1203,BN1,1,small,2200.5822621434704,2232.27725112427,3248.427169380321
N1-F31-2B1S-1S,E01S-1203,BN1,9,small,2200.5822621434704,3242.927169380321,3294.427169380321
N1-ST-3-2S,E01S-1203,BN1,9,small,2200.5822621434704,3242.927169380321,3294.427169380321
N1-ST1-1B1S-1S,E01S-1203,BN1,9,small,2200.5822621434704,3242.927169380321,3294.427169380321
N1-ST2-1B1S-1S,E01S-1203,BN1,9,small,2200.5822621434704,3242.927169380321,3294.427169380321
N1-F21-7S-1S,E01S-1203,BN1,7,large,2200.5822621434704,2105.841211750309,2105.841211750309
N1-DB-1SP-3SP,E01S-1203,BN1,9,large,2200.5822621434704,2205.362451750309,2205.362451750309
N1-LG2-2P-1P,E01S-1206,BN1,1,large,2169.405811686452,2377.377355750309,2377.377355750309
N1-LG2-4S-1S,E01S-1206,BN1,1,large,2169.405811686452,2377.377355750309,2377.377355750309
N1-F18-3-1P,E01S-1240,BN1,1,small,2280.5108660449055,2232.27725112427,3248.427169380321
N1-F18-3-1S,E01S-1240,BN1,1,small,2280.5108660449055,2232.27725112427,3248.427169380321
N1-F32-2-1P,E01S-1240,BN1,4,small,2280.5108660449055,2887.4210035164374,3262.552169380321
N1-F31-7S-1S,E01S-1240,BN1,5,small,2280.5108660449055,2893.7960035164374,3268.927169380321
N1-F32-2-1S,E01S-1240,BN1,5,small,2280.5108660449055,2893.7960035164374,3268.927169380321
N1-F31-3-1P,E01S-1240,BN1,6,small,2280.5108660449055,3188.5613874755595,3275.302169380321
N1-F32-5-1P,E01S-1240,BN1,6,small,2280.5108660449055,3188.5613874755595,3275.302169380321
N1-F31-3-1S,E01S-1240,BN1,7,small,2280.5108660449055,3234.406244142226,3281.677169380321
N1-F32-5-1S,E01S-1240,BN1,7,small,2280.5108660449055,3234.406244142226,3281.677169380321
N1-ST-1-1P,E01S-1240,BN1,8,small,2280.5108660449055,2793.26278336543,3288.052169380321
N1-ST-1-1S,E01S-1240,BN1,8,small,2280.5108660449055,2793.26278336543,3288.052169380321
N1-ST-2-1P,E01S-1240,BN1,8,small,2280.5108660449055,2793.26278336543,3288.052169380321
N1-ST-2-1S,E01S-1240,BN1,8,small,2280.5108660449055,2793.26278336543,3288.052169380321
N1-F31-1P-2P,E01S-1240,BN1,6,large,2280.5108660449055,2227.3519843819017,2227.3519843819017
N1-F31-2P-1P,E01S-1240,BN1,6,large,2280.5108660449055,2227.3519843819017,2227.3519843819017
N1-F31-6S-1S,E01S-1240,BN1,7,large,2280.5108660449055,2227.3519843819017,2227.3519843819017
N1-LG1-2-1P,E01S-1205,BN1,1,large,2333.2368652747477,2510.4669877503084,2510.4669877503084
N1-LG1-2-1S,E01S-1205,BN1,1,large,2333.2368652747477,2510.4669877503084,2510.4669877503084
N1-F21-5-1P,E01S-1208,BN1,1,small,2522.7935113807866,2442.0125226506257,3248.427169380321
N1-F21-5-1S,E01S-1208,BN1,1,small,2522.7935113807866,2447.0389274918957,3248.427169380321
N1-F22-5-1P,E01S-1208,BN1,1,small,2522.7935113807866,2452.0653323331658,3248.427169380321
N1-F22-5-1S,E01S-1208,BN1,1,small,2522.7935113807866,2456.6413836030074,3248.427169380321
N1-F23-5-1P,E01S-1208,BN1,1,small,2522.7935113807866,2461.217434952214,3248.427169380321
N1-F23-5-1S,E01S-1208,BN1,1,small,2522.7935113807866,2465.7598575712614,3248.427169380321
N1-F24-5-1P,E01S-1208,BN1,1,small,2522.7935113807866,2469.9172915395156,3248.427169380321
N1-F24-5-1S,E01S-1208,BN1,1,small,2522.7935113807866,2474.468031698246,3248.427169380321
N1-F25-5-1P,E01S-1208,BN1,1,small,2522.7935113807866,2478.775635110944,3248.427169380321
N1-F25-5-1S,E01S-1208,BN1,1,small,2522.7935113807866,2484.93567034904,3248.427169380321
N1-F26-5-1P,E01S-1208,BN1,1,small,2522.7935113807866,2489.3052011426907,3248.427169380321
N1-F26-5-1S,E01S-1208,BN1,1,small,2522.7935113807866,2495.355165428405,3248.427169380321
N1-F27-2-1P,E01S-1208,BN1,1,small,2522.7935113807866,2499.506866063326,3248.427169380321
N1-F27-2-1S,E01S-1208,BN1,1,small,2522.7935113807866,2504.073506936342,3248.427169380321
N1-F28-3-1P,E01S-1208,BN1,1,small,2522.7935113807866,2509.819346874299,3248.427169380321
N1-F28-3-1S,E01S-1208,BN1,1,small,2522.7935113807866,2514.1041829398728,3248.427169380321
N1-F29-3-1P,E01S-1208,BN1,1,small,2522.7935113807866,2518.3890190054467,3248.427169380321
N1-F29-3-1S,E01S-1208,BN1,1,small,2522.7935113807866,2522.7935113807866,3248.427169380321
N1-STB-1P-1P,E01S-1219,BN1,2,large,2358.6057609383506,2358.6057609383506,2358.6057609383506
N1-STB-2S-1S,E01S-1219,BN1,2,large,2358.6057609383506,2358.6057609383506,2358.6057609383506
N1-AG-6-1P,E01S-1212,BN1,2,large,2389.854348374914,2524.555739750308,2524.555739750308
N1-AG-6-1S,E01S-1212,BN1,2,large,2389.854348374914,2524.555739750308,2524.555739750308
N1-STT-1SP-1SP,E01S-1210,BN1,2,large,2423.0209006323644,2423.0209006323644,2423.0209006323644
N1-F30-3S-1S,E01S-1200,BN1,2,small,2474.4976789454095,2471.315346564457,3249.802169380321
N1-DB-1SP-6SP,E01S-1200,BN1,9,small,2474.4976789454095,2480.0976789454094,3294.427169380321
N1-F30-3S-2S,E01S-1200,BN1,9,small,2474.4976789454095,2480.0976789454094,3294.427169380321
N1-DB-1SP-4SP,E01S-1200,BN1,9,large,2474.4976789454095,2543.341363750308,2543.341363750308
N1-F20-1P-1P,E01S-1221,BN1,2,small,2682.3109126511426,2685.0609126511426,3249.802169380321
N1-F20-2P-1P,E01S-1221,BN1,2,small,2682.3109126511426,2685.0609126511426,3249.802169380321
N1-F20-3S-1S,E01S-1221,BN1,2,small,2682.3109126511426,2685.0609126511426,3249.802169380321
N1-F20-4S-1S,E01S-1221,BN1,2,small,2682.3109126511426,2685.0609126511426,3249.802169380321
N1-F21-1P-1P,E01S-1221,BN1,2,small,2682.3109126511426,2685.0609126511426,3249.802169380321
N1-F21-2P-1P,E01S-1221,BN1,2,small,2682.3109126511426,2685.0609126511426,3249.802169380321
N1-F21-3S-1S,E01S-1221,BN1,2,small,2682.3109126511426,2685.0609126511426,3249.802169380321
N1-F21-4S-1S,E01S-1221,BN1,2,small,2682.3109126511426,2685.0609126511426,3249.802169380321
N1-F22-1P-1P,E01S-1221,BN1,2,small,2682.3109126511426,2685.0609126511426,3249.802169380321
N1-F22-2P-1P,E01S-1221,BN1,2,small,2682.3109126511426,2685.0609126511426,3249.802169380321
N1-F22-3S-1S,E01S-1221,BN1,2,small,2682.3109126511426,2685.0609126511426,3249.802169380321
N1-F22-4S-1S,E01S-1221,BN1,2,small,2682.3109126511426,2685.0609126511426,3249.802169380321
N1-F23-1P-1P,E01S-1221,BN1,2,small,2682.3109126511426,2685.0609126511426,3249.802169380321
N1-F23-2P-1P,E01S-1221,BN1,2,small,2682.3109126511426,2685.0609126511426,3249.802169380321
N1-F23-3S-1S,E01S-1221,BN1,2,small,2682.3109126511426,2685.0609126511426,3249.802169380321
N1-F23-4S-1S,E01S-1221,BN1,2,small,2682.3109126511426,2685.0609126511426,3249.802169380321
N1-F24-1P-1P,E01S-1221,BN1,2,small,2682.3109126511426,2685.0609126511426,3249.802169380321
N1-F24-2P-1P,E01S-1221,BN1,2,small,2682.3109126511426,2685.0609126511426,3249.802169380321
N1-F24-3S-1S,E01S-1221,BN1,2,small,2682.3109126511426,2685.0609126511426,3249.802169380321
N1-F24-4S-1S,E01S-1221,BN1,2,small,2682.3109126511426,2685.0609126511426,3249.802169380321
N1-F25-1P-1P,E01S-1221,BN1,2,small,2682.3109126511426,2685.0609126511426,3249.802169380321
N1-F25-2P-1P,E01S-1221,BN1,2,small,2682.3109126511426,2685.0609126511426,3249.802169380321
N1-F25-3S-1S,E01S-1221,BN1,2,small,2682.3109126511426,2685.0609126511426,3249.802169380321
N1-F25-4S-1S,E01S-1221,BN1,2,small,2682.3109126511426,2685.0609126511426,3249.802169380321
N1-F26-1P-1P,E01S-1221,BN1,2,small,2682.3109126511426,2685.0609126511426,3249.802169380321
N1-F26-2P-1P,E01S-1221,BN1,2,small,2682.3109126511426,2685.0609126511426,3249.802169380321
N1-F26-3S-1S,E01S-1221,BN1,2,small,2682.3109126511426,2685.0609126511426,3249.802169380321
N1-F26-4S-1S,E01S-1221,BN1,2,small,2682.3109126511426,2685.0609126511426,3249.802169380321
N1-F31-1P-1P,E01S-1215,BN1,6,small,2597.143218520326,2902.9470456174495,3275.302169380321
N1-ST-4-2S,E01S-1215,BN1,9,small,2597.143218520326,2929.032612601576,3294.427169380321
N1-F33-2-1P,E01S-1215,BN1,2,large,2597.143218520326,2596.673974530094,2596.673974530094
N1-F29-5P-1P,E01S-1215,BN1,3,large,2597.143218520326,2596.673974530094,2596.673974530094
N1-F17-1SP-1SP,E01S-1215,BN1,6,large,2597.143218520326,2596.673974530094,2596.673974530094
N1-F29-4P-1P,E01S-1215,BN1,6,large,2597.143218520326,2596.673974530094,2596.673974530094
N1-F33-2-1S,E01S-1215,BN1,7,large,2597.143218520326,2596.673974530094,2596.673974530094
N1-F21-6P-1P,E01S-1215,BN1,8,large,2597.143218520326,2596.673974530094,2596.673974530094
N1-F26-8S-1S,E01S-1215,BN1,8,large,2597.143218520326,2596.673974530094,2596.673974530094
N1-LG2-5WS-1S,E01S-1215,BN1,8,large,2597.143218520326,2596.673974530094,2596.673974530094
N1-LG32-2-1P,E01S-1225,BN1,3,small,2734.957056143207,2799.63778336543,3256.177169380321
N1-LG32-2-1S,E01S-1225,BN1,3,small,2734.957056143207,2799.63778336543,3256.177169380321
N1-BW-2-1P,E01S-1225,BN1,8,small,2734.957056143207,2793.26278336543,3288.052169380321
N1-BW-2-1S,E01S-1225,BN1,8,small,2734.957056143207,2793.26278336543,3288.052169380321
N1-BW-3-1P,E01S-1225,BN1,8,small,2734.957056143207,2793.26278336543,3288.052169380321
N1-BW-3-1S,E01S-1225,BN1,8,small,2734.957056143207,2793.26278336543,3288.052169380321
N1-F35-2-1P,E01S-1225,BN1,8,small,2734.957056143207,2793.26278336543,3288.052169380321
N1-F35-2-1S,E01S-1225,BN1,8,small,2734.957056143207,2793.26278336543,3288.052169380321
N1-F35-2-2P,E01S-1225,BN1,8,small,2734.957056143207,2793.26278336543,3288.052169380321
N1-F35-2-2S,E01S-1225,BN1,8,small,2734.957056143207,2793.26278336543,3288.052169380321
N1-AG-1P-1P,E01S-1233,BN1,3,large,2634.852960607897,2634.852960607897,2634.852960607897
N1-AG-2S-1S,E01S-1233,BN1,3,large,2634.852960607897,2634.852960607897,2634.852960607897
N1-F36-3-2BP,E01S-1231,BN1,3,small,2790.51278336543,2799.63778336543,3256.177169380321
N1-F36-3-2BS,E01S-1231,BN1,3,small,2790.51278336543,2799.63778336543,3256.177169380321
N1-F36-3B1-1P,E01S-1231,BN1,3,small,2790.51278336543,2799.63778336543,3256.177169380321
N1-F36-3B1-1S,E01S-1231,BN1,3,small,2790.51278336543,2799.63778336543,3256.177169380321
N1-F36-4B1W-1P,E01S-1231,BN1,6,small,2790.51278336543,3188.5613874755595,3275.302169380321
N1-F33-1SP-7BSP,E01S-1231,BN1,7,small,2790.51278336543,3234.406244142226,3281.677169380321
N1-F36-2S-1BS,E01S-1231,BN1,7,small,2790.51278336543,3234.406244142226,3281.677169380321
N1-F36-2S-4BS,E01S-1231,BN1,7,small,2790.51278336543,3234.406244142226,3281.677169380321
N1-F36-4B1W-1S,E01S-1231,BN1,7,small,2790.51278336543,3234.406244142226,3281.677169380321
N1-F33-1B1-1P,E01S-1231,BN1,8,small,2790.51278336543,2793.26278336543,3288.052169380321
N1-F33-1B1-1S,E01S-1231,BN1,8,small,2790.51278336543,2793.26278336543,3288.052169380321
N1-F36-4-1P,E01S-1231,BN1,6,large,2790.51278336543,2674.9822942494,2674.9822942494
N1-F36-4-1S,E01S-1231,BN1,7,large,2790.51278336543,2674.9822942494,2674.9822942494
N1-F18-1P-1P,E01S-1222,BN1,3,small,2716.181840943057,2838.0690142682433,3256.177169380321
N1-F18-2S-1S,E01S-1222,BN1,3,small,2716.181840943057,2838.0690142682433,3256.177169380321
N1-ST-3-1P,E01S-1222,BN1,9,small,2716.181840943057,2929.032612601576,3294.427169380321
N1-ST-3-1S,E01S-1222,BN1,9,small,2716.181840943057,2929.032612601576,3294.427169380321
N1-ST-3-2P,E01S-1222,BN1,9,small,2716.181840943057,2929.032612601576,3294.427169380321
N1-ST-4-1P,E01S-1222,BN1,9,small,2716.181840943057,2929.032612601576,3294.427169380321
N1-ST-4-1S,E01S-1222,BN1,9,small,2716.181840943057,2929.032612601576,3294.427169380321
N1-ST-4-2P,E01S-1222,BN1,9,small,2716.181840943057,2929.032612601576,3294.427169380321
N1-F25-7-1P,E01S-1218,BN1,3,small,2799.0156559051125,2799.63778336543,3256.177169380321
N1-F25-7-1S,E01S-1218,BN1,7,small,2799.0156559051125,3234.406244142226,3281.677169380321
N1-F25-6-1P,E01S-1218,BN1,6,large,2799.0156559051125,2706.2196167349266,2706.2196167349266
N1-F25-6-1S,E01S-1218,BN1,7,large,2799.0156559051125,2706.2196167349266,2706.2196167349266
N1-F29-6S-1S,E01S-1218,BN1,7,large,2799.0156559051125,2706.2196167349266,2706.2196167349266
N1-F28-1P-1P,E01S-1220,BN1,4,small,2754.7940801903196,2935.407612601576,3262.552169380321
N1-F29-1P-1P,E01S-1220,BN1,4,small,2754.7940801903196,2935.407612601576,3262.552169380321
N1-F28-2S-1S,E01S-1220,BN1,5,small,2754.7940801903196,2941.782612601576,3268.927169380321
N1-F29-2S-1S,E01S-1220,BN1,5,small,2754.7940801903196,2941.782612601576,3268.927169380321
N1-F19-1SP-1SP,E01S-1220,BN1,3,large,2754.7940801903196,2743.4154072916626,2743.4154072916626
N1-F27-1SP-1SP,E01S-1220,BN1,3,large,2754.7940801903196,2743.4154072916626,2743.4154072916626
N1-F36-3-1P,E01S-1230,BN1,3,large,2775.4807287966787,2816.9928287966786,2816.9928287966786
N1-F36-3-1S,E01S-1230,BN1,3,large,2775.4807287966787,2816.9928287966786,2816.9928287966786
N1-F36-1P-1P,E01S-1230,BN1,6,large,2775.4807287966787,2816.9928287966786,2816.9928287966786
N1-F36-2S-1S,E01S-1230,BN1,7,large,2775.4807287966787,2816.9928287966786,2816.9928287966786
N1-F36-3-1BP,E01S-1243,BN1,3,small,2926.282612601576,2838.0690142682433,3256.177169380321
N1-F36-3-1BS,E01S-1243,BN1,3,small,2926.282612601576,2838.0690142682433,3256.177169380321
N1-F17-2B1-1P,E01S-1243,BN1,4,small,2926.282612601576,2935.407612601576,3262.552169380321
N1-F17-2B1-1S,E01S-1243,BN1,4,small,2926.282612601576,2935.407612601576,3262.552169380321
N1-F31-5B1-1P,E01S-1243,BN1,4,small,2926.282612601576,2935.407612601576,3262.552169380321
N1-F34-2-1P,E01S-1243,BN1,4,small,2926.282612601576,2935.407612601576,3262.552169380321
N1-F34-2-1S,E01S-1243,BN1,5,small,2926.282612601576,2941.782612601576,3268.927169380321
N1-F20-1B1P-1P,E01S-1243,BN1,6,small,2926.282612601576,2902.9470456174495,3275.302169380321
N1-F20-2B1P-1P,E01S-1243,BN1,6,small,2926.282612601576,2902.9470456174495,3275.302169380321
N1-F29-1B1P-1P,E01S-1243,BN1,6,small,2926.282612601576,2902.9470456174495,3275.302169380321
N1-F29-2B1P-1P,E01S-1243,BN1,6,small,2926.282612601576,2902.9470456174495,3275.302169380321
N1-F29-3B1P-1P,E01S-1243,BN1,6,small,2926.282612601576,2902.9470456174495,3275.302169380321
N1-F31-5B1-1S,E01S-1243,BN1,6,small,2926.282612601576,2902.9470456174495,3275.302169380321
N1-F36-1P-5BP,E01S-1243,BN1,6,small,2926.282612601576,2902.9470456174495,3275.302169380321
N1-F26-1B1S-1S,E01S-1243,BN1,7,small,2926.282612601576,3086.1473771252113,3281.677169380321
N1-F26-2B1S-1S,E01S-1243,BN1,7,small,2926.282612601576,3086.1473771252113,3281.677169380321
N1-F36-2S-2BS,E01S-1243,BN1,7,small,2926.282612601576,3086.1473771252113,3281.677169380321
N1-JXP-902S-1S,E01S-1243,BN1,9,small,2926.282612601576,2929.032612601576,3294.427169380321
N1-JXP-903S-1S,E01S-1243,BN1,9,small,2926.282612601576,2929.032612601576,3294.427169380321
N1-LG1-4-1P,E01S-1216,BN1,4,large,2792.982659297773,2792.982659297773,2792.982659297773
N1-LG1-4-1S,E01S-1216,BN1,4,large,2792.982659297773,2792.982659297773,2792.982659297773
N1-MG-1SP-1SP,E01S-1227,BN1,4,small,2821.9928287966786,2887.4210035164374,3262.552169380321
N1-MG-5SP-1SP,E01S-1227,BN1,6,large,2821.9928287966786,2821.9928287966786,2821.9928287966786
N1-MG-2SP-1SP,E01S-1227,BN1,8,large,2821.9928287966786,2821.9928287966786,2821.9928287966786
N1-F32-1-1P,E01S-1235,BN1,4,small,2897.850498913263,2887.4210035164374,3262.552169380321
N1-LG1-1-1P,E01S-1235,BN1,4,small,2897.850498913263,2887.4210035164374,3262.552169380321
N1-LG1-1-1S,E01S-1235,BN1,4,small,2897.850498913263,2887.4210035164374,3262.552169380321
N1-F32-1-1S,E01S-1235,BN1,5,small,2897.850498913263,2893.7960035164374,3268.927169380321
N1-LG2-1-1P,E01S-1235,BN1,6,small,2897.850498913263,3188.5613874755595,3275.302169380321
N1-LG2-1-1S,E01S-1235,BN1,6,small,2897.850498913263,3188.5613874755595,3275.302169380321
N1-BW-1-1P,E01S-1235,BN1,4,large,2897.850498913263,2878.7351669108207,2878.7351669108207
N1-BW-1-1S,E01S-1235,BN1,5,large,2897.850498913263,2878.7351669108207,2878.7351669108207
N1-AG-4S-1S,E01S-1235,BN1,7,large,2897.850498913263,2878.7351669108207,2878.7351669108207
N1-F32-3-1P,E01S-1238,BN1,4,small,2934.919931067983,2935.407612601576,3262.552169380321
N1-F32-3-1S,E01S-1238,BN1,5,small,2934.919931067983,2941.782612601576,3268.927169380321
N1-F26-7P-1P,E01S-1238,BN1,4,large,2934.919931067983,2934.2036509800714,2934.2036509800714
N1-F27-4-1P,E01S-1238,BN1,4,large,2934.919931067983,2934.2036509800714,2934.2036509800714
N1-F28-5-1P,E01S-1238,BN1,4,large,2934.919931067983,2934.2036509800714,2934.2036509800714
N1-F27-4-1S,E01S-1238,BN1,5,large,2934.919931067983,2934.2036509800714,2934.2036509800714
N1-F28-5-1S,E01S-1238,BN1,5,large,2934.919931067983,2934.2036509800714,2934.2036509800714
N1-F18-4P-1P,E01S-1238,BN1,6,large,2934.919931067983,2934.2036509800714,2934.2036509800714
N1-F32-4-1P,E01S-1238,BN1,6,large,2934.919931067983,2934.2036509800714,2934.2036509800714
N1-F32-4-1S,E01S-1238,BN1,7,large,2934.919931067983,2934.2036509800714,2934.2036509800714
N1-F36-1P-7BP,E01S-1241,BN1,6,small,2910.7598640207466,3188.5613874755595,3275.302169380321
N1-F36-2S-7BS,E01S-1241,BN1,7,small,2910.7598640207466,3234.406244142226,3281.677169380321
N1-LG1-3W-1P,E01S-1241,BN1,6,large,2910.7598640207466,2907.536602314397,2907.536602314397
N1-LG1-3W-1S,E01S-1241,BN1,7,large,2910.7598640207466,2907.536602314397,2907.536602314397
N1-F33-1SP-1SP,E01S-1213,BN1,6,large,2945.804301576663,2945.804301576663,2945.804301576663
N1-F23-6P-1P,E01S-1237,BN1,6,large,2973.0307368822946,2973.0307368822946,2973.0307368822946
N1-F24-6P-1P,E01S-1237,BN1,6,large,2973.0307368822946,2973.0307368822946,2973.0307368822946
N1-F28-4-1P,E01S-1237,BN1,6,large,2973.0307368822946,2973.0307368822946,2973.0307368822946
N1-F30-1SP-1SP,E01S-1236,BN1,6,large,2988.150330213851,2988.150330213851,2988.150330213851
N1-F26-6P-1P,E01S-1239,BN1,6,large,3021.067717157729,3021.067717157729,3021.067717157729
N1-F27-3-1P,E01S-1239,BN1,6,large,3021.067717157729,3021.067717157729,3021.067717157729
N1-F27-3-1S,E01S-1239,BN1,7,large,3021.067717157729,3021.067717157729,3021.067717157729
N1-F28-4-1S,E01S-1239,BN1,7,large,3021.067717157729,3021.067717157729,3021.067717157729
N1-JICH-1,E01S-1228,BN1,9,small,3040.3431720433873,3242.927169380321,3294.427169380321
N1-F19-3P-1P,E01S-1228,BN1,6,large,3040.3431720433873,3040.343172043387,3040.343172043387
N1-F20-6P-1P,E01S-1228,BN1,6,large,3040.3431720433873,3040.343172043387,3040.343172043387
N1-F22-6P-1P,E01S-1228,BN1,6,large,3040.3431720433873,3040.343172043387,3040.343172043387
N1-F30-2P-1P,E01S-1228,BN1,6,large,3040.3431720433873,3040.343172043387,3040.343172043387
N1-AG-5W-1P,E01S-1234,BN1,6,large,3075.9524448217085,3075.9524448217085,3075.9524448217085
N1-AG-5W-1S,E01S-1234,BN1,7,large,3075.9524448217085,3075.9524448217085,3075.9524448217085
N1-LG2-3WP-1P,E01S-1234,BN1,8,large,3075.9524448217085,3075.9524448217085,3075.9524448217085
N1-F26-1B1P-1P,E01S-1242,BN1,6,small,3231.656244142226,3188.5613874755595,3275.302169380321
N1-F26-5B1P-1P,E01S-1242,BN1,6,small,3231.656244142226,3188.5613874755595,3275.302169380321
N1-F27-1B1P-1P,E01S-1242,BN1,6,small,3231.656244142226,3188.5613874755595,3275.302169380321
N1-F27-3B1P-1P,E01S-1242,BN1,6,small,3231.656244142226,3188.5613874755595,3275.302169380321
N1-F28-5B1P-1P,E01S-1242,BN1,6,small,3231.656244142226,3188.5613874755595,3275.302169380321
N1-F28-6B1-1P,E01S-1242,BN1,6,small,3231.656244142226,3188.5613874755595,3275.302169380321
N1-F30-3B1S-1S,E01S-1242,BN1,6,small,3231.656244142226,3188.5613874755595,3275.302169380321
N1-F30-5B1S-1S,E01S-1242,BN1,6,small,3231.656244142226,3188.5613874755595,3275.302169380321
N1-F31-3B1-1P,E01S-1242,BN1,6,small,3231.656244142226,3188.5613874755595,3275.302169380321
N1-F31-4B1-1P,E01S-1242,BN1,6,small,3231.656244142226,3188.5613874755595,3275.302169380321
N1-F32-1B1P-1P,E01S-1242,BN1,6,small,3231.656244142226,3188.5613874755595,3275.302169380321
N1-F36-1P-2BP,E01S-1242,BN1,6,small,3231.656244142226,3188.5613874755595,3275.302169380321
N1-F36-1P-4BP,E01S-1242,BN1,6,small,3231.656244142226,3188.5613874755595,3275.302169380321
N1-F28-6B1-1S,E01S-1242,BN1,7,small,3231.656244142226,3234.406244142226,3281.677169380321
N1-F29-5B1S-1S,E01S-1242,BN1,7,small,3231.656244142226,3234.406244142226,3281.677169380321
N1-F29-6B1S-1S,E01S-1242,BN1,7,small,3231.656244142226,3234.406244142226,3281.677169380321
N1-F29-8B1S-1S,E01S-1242,BN1,7,small,3231.656244142226,3234.406244142226,3281.677169380321
N1-F31-3B1-1S,E01S-1242,BN1,7,small,3231.656244142226,3234.406244142226,3281.677169380321
N1-F31-4B1-1S,E01S-1242,BN1,7,small,3231.656244142226,3234.406244142226,3281.677169380321
N1-F32-1B2S-1S,E01S-1242,BN1,7,small,3231.656244142226,3234.406244142226,3281.677169380321
N1-F36-2S-3BS,E01S-1242,BN1,7,small,3231.656244142226,3234.406244142226,3281.677169380321
N1-F36-2S-6BS,E01S-1242,BN1,7,small,3231.656244142226,3234.406244142226,3281.677169380321
N1-950-1S-1S,E01S-1245,BN1,7,small,3083.3973771252113,3086.1473771252113,3281.677169380321
N1-MG-6SP-1SP,E01S-1207,BN1,7,large,3096.160300604149,3118.206284604149,3118.206284604149
N1-F18-5S-1S,E01S-1232,BN1,7,large,3172.96896601824,3172.96896601824,3172.96896601824
N1-F19-4S-1S,E01S-1232,BN1,7,large,3172.96896601824,3172.96896601824,3172.96896601824
N1-F20-7S-1S,E01S-1232,BN1,7,large,3172.96896601824,3172.96896601824,3172.96896601824
N1-F22-7S-1S,E01S-1232,BN1,7,large,3172.96896601824,3172.96896601824,3172.96896601824
N1-F23-7S-1S,E01S-1232,BN1,7,large,3172.96896601824,3172.96896601824,3172.96896601824
N1-F24-7S-1S,E01S-1232,BN1,7,large,3172.96896601824,3172.96896601824,3172.96896601824
N1-LG32-1-1P,E01S-1224,BN1,8,large,3153.3817883345355,3153.3817883345355,3153.3817883345355
N1-LG32-1-1S,E01S-1224,BN1,8,large,3153.3817883345355,3153.3817883345355,3153.3817883345355
N1-STR-1D1P-1P,E01S-1217,BN1,9,small,3240.177169380321,3242.927169380321,3294.427169380321
N1-STR-1D1S-1S,E01S-1217,BN1,9,small,3240.177169380321,3242.927169380321,3294.427169380321
