plate_id,route,part_type,has_bevel,timestamp,station,action,duration
0,N5_LARGE_BEVEL,LARGE_PART,True,16.68355402849259,N5切割机,start,0.0
0,N5_LARGE_BEVEL,LARGE_PART,True,40.91382260785963,N5切割机,finish,24.23026857936704
0,N5_LARGE_BEVEL,LARGE_PART,True,40.91382260785963,N5分拣,start,0.0
0,N5_LARGE_BEVEL,LARGE_PART,True,42.91382260785963,N5分拣,finish,2.0
0,N5_LARGE_BEVEL,LARGE_PART,True,42.91382260785963,胎架上打磨,start,0.0
0,N5_LARGE_BEVEL,LARGE_PART,True,44.05687312305711,胎架上打磨,finish,1.1430505151974781
0,N5_LARGE_BEVEL,LARGE_PART,True,44.05687312305711,Crane_胎架_to_人工坡口,start,0.0
0,N5_LARGE_BEVEL,LARGE_PART,True,47.05687312305711,Crane_胎架_to_人工坡口,finish,3.0
0,N5_LARGE_BEVEL,LARGE_PART,True,47.05687312305711,大部材人工坡口加工区,start,0.0
0,N5_LARGE_BEVEL,LARGE_PART,True,49.43131410792447,大部材人工坡口加工区,finish,2.374440984867364
0,N5_LARGE_BEVEL,LARGE_PART,True,49.43131410792447,Crane_人工坡口_to_成品区,start,0.0
0,N5_LARGE_BEVEL,LARGE_PART,True,52.43131410792447,Crane_人工坡口_to_成品区,finish,3.0
0,N5_LARGE_BEVEL,LARGE_PART,True,52.43131410792447,大部材成品放置区,enter,0.0
0,N5_LARGE_BEVEL,LARGE_PART,True,52.43131410792447,大部材成品放置区,leave,0.0
1,N2_LARGE_BEVEL,LARGE_PART,True,26.754456823430544,N2切割机,start,0.0
1,N2_LARGE_BEVEL,LARGE_PART,True,37.93324686342096,N2切割机,finish,11.17879003999042
1,N2_LARGE_BEVEL,LARGE_PART,True,37.93324686342096,N2分拣,start,0.0
1,N2_LARGE_BEVEL,LARGE_PART,True,39.93324686342096,N2分拣,finish,2.0
1,N2_LARGE_BEVEL,LARGE_PART,True,39.93324686342096,胎架上打磨,start,0.0
1,N2_LARGE_BEVEL,LARGE_PART,True,41.01981803481968,胎架上打磨,finish,1.0865711713987194
1,N2_LARGE_BEVEL,LARGE_PART,True,41.01981803481968,Crane_胎架_to_人工坡口,start,0.0
1,N2_LARGE_BEVEL,LARGE_PART,True,44.01981803481968,Crane_胎架_to_人工坡口,finish,3.0
1,N2_LARGE_BEVEL,LARGE_PART,True,44.01981803481968,大部材人工坡口加工区,start,0.0
1,N2_LARGE_BEVEL,LARGE_PART,True,45.17747330382577,大部材人工坡口加工区,finish,1.1576552690060922
1,N2_LARGE_BEVEL,LARGE_PART,True,45.17747330382577,Crane_人工坡口_to_成品区,start,0.0
1,N2_LARGE_BEVEL,LARGE_PART,True,48.17747330382577,Crane_人工坡口_to_成品区,finish,3.0
1,N2_LARGE_BEVEL,LARGE_PART,True,48.17747330382577,大部材成品放置区,enter,0.0
1,N2_LARGE_BEVEL,LARGE_PART,True,48.17747330382577,大部材成品放置区,leave,0.0
2,N2_LARGE_GRIND,LARGE_PART,False,37.93324686342096,N2切割机,start,0.0
2,N2_LARGE_GRIND,LARGE_PART,False,51.58049869803383,N2切割机,finish,13.647251834612868
2,N2_LARGE_GRIND,LARGE_PART,False,51.58049869803383,N2分拣,start,0.0
2,N2_LARGE_GRIND,LARGE_PART,False,53.58049869803383,N2分拣,finish,2.0
2,N2_LARGE_GRIND,LARGE_PART,False,53.58049869803383,胎架上打磨,start,0.0
2,N2_LARGE_GRIND,LARGE_PART,False,53.67828754715436,胎架上打磨,finish,0.0977888491205331
2,N2_LARGE_GRIND,LARGE_PART,False,53.67828754715436,Crane_胎架_to_成品区,start,0.0
2,N2_LARGE_GRIND,LARGE_PART,False,56.67828754715436,Crane_胎架_to_成品区,finish,3.0
2,N2_LARGE_GRIND,LARGE_PART,False,56.67828754715436,大部材成品放置区,enter,0.0
2,N2_LARGE_GRIND,LARGE_PART,False,56.67828754715436,大部材成品放置区,leave,0.0
2,N2_LARGE_GRIND,LARGE_PART,False,56.67828754715436,Crane_成品区_to_胎架,start,0.0
2,N2_LARGE_GRIND,LARGE_PART,False,59.67828754715436,Crane_成品区_to_胎架,finish,3.0
3,N5_LARGE_BEVEL,LARGE_PART,True,40.91382260785963,N5切割机,start,0.0
3,N5_LARGE_BEVEL,LARGE_PART,True,56.54119592034792,N5切割机,finish,15.627373312488288
3,N5_LARGE_BEVEL,LARGE_PART,True,56.54119592034792,N5分拣,start,0.0
3,N5_LARGE_BEVEL,LARGE_PART,True,58.54119592034792,N5分拣,finish,2.0
3,N5_LARGE_BEVEL,LARGE_PART,True,58.54119592034792,胎架上打磨,start,0.0
3,N5_LARGE_BEVEL,LARGE_PART,True,60.03826148368859,胎架上打磨,finish,1.4970655633406746
3,N5_LARGE_BEVEL,LARGE_PART,True,60.03826148368859,Crane_胎架_to_人工坡口,start,0.0
3,N5_LARGE_BEVEL,LARGE_PART,True,63.03826148368859,Crane_胎架_to_人工坡口,finish,3.0
3,N5_LARGE_BEVEL,LARGE_PART,True,63.03826148368859,大部材人工坡口加工区,start,0.0
3,N5_LARGE_BEVEL,LARGE_PART,True,65.33236906137628,大部材人工坡口加工区,finish,2.2941075776876905
3,N5_LARGE_BEVEL,LARGE_PART,True,65.33236906137628,Crane_人工坡口_to_成品区,start,0.0
3,N5_LARGE_BEVEL,LARGE_PART,True,68.33236906137628,Crane_人工坡口_to_成品区,finish,3.0
3,N5_LARGE_BEVEL,LARGE_PART,True,68.33236906137628,大部材成品放置区,enter,0.0
3,N5_LARGE_BEVEL,LARGE_PART,True,68.33236906137628,大部材成品放置区,leave,0.0
4,N2_LARGE_BEVEL,LARGE_PART,True,51.58049869803383,N2切割机,start,0.0
4,N2_LARGE_BEVEL,LARGE_PART,True,64.37377603510191,N2切割机,finish,12.793277337068087
4,N2_LARGE_BEVEL,LARGE_PART,True,64.37377603510191,N2分拣,start,0.0
4,N2_LARGE_BEVEL,LARGE_PART,True,66.37377603510191,N2分拣,finish,2.0
4,N2_LARGE_BEVEL,LARGE_PART,True,66.37377603510191,胎架上打磨,start,0.0
4,N2_LARGE_BEVEL,LARGE_PART,True,67.48504580470663,胎架上打磨,finish,1.1112697696047158
4,N2_LARGE_BEVEL,LARGE_PART,True,67.48504580470663,Crane_胎架_to_人工坡口,start,0.0
4,N2_LARGE_BEVEL,LARGE_PART,True,70.48504580470663,Crane_胎架_to_人工坡口,finish,3.0
4,N2_LARGE_BEVEL,LARGE_PART,True,70.48504580470663,大部材人工坡口加工区,start,0.0
4,N2_LARGE_BEVEL,LARGE_PART,True,71.82899897778765,大部材人工坡口加工区,finish,1.3439531730810204
4,N2_LARGE_BEVEL,LARGE_PART,True,71.82899897778765,Crane_人工坡口_to_成品区,start,0.0
4,N2_LARGE_BEVEL,LARGE_PART,True,74.82899897778765,Crane_人工坡口_to_成品区,finish,3.0
4,N2_LARGE_BEVEL,LARGE_PART,True,74.82899897778765,大部材成品放置区,enter,0.0
4,N2_LARGE_BEVEL,LARGE_PART,True,74.82899897778765,大部材成品放置区,leave,0.0
5,N5_LARGE_BEVEL,LARGE_PART,True,56.54119592034792,N5切割机,start,0.0
5,N5_LARGE_BEVEL,LARGE_PART,True,77.30947282173996,N5切割机,finish,20.768276901392046
5,N5_LARGE_BEVEL,LARGE_PART,True,77.30947282173996,N5分拣,start,0.0
5,N5_LARGE_BEVEL,LARGE_PART,True,79.30947282173996,N5分拣,finish,2.0
5,N5_LARGE_BEVEL,LARGE_PART,True,79.30947282173996,胎架上打磨,start,0.0
5,N5_LARGE_BEVEL,LARGE_PART,True,79.45096831561872,胎架上打磨,finish,0.1414954938787627
5,N5_LARGE_BEVEL,LARGE_PART,True,79.45096831561872,Crane_胎架_to_人工坡口,start,0.0
5,N5_LARGE_BEVEL,LARGE_PART,True,82.45096831561872,Crane_胎架_to_人工坡口,finish,3.0
5,N5_LARGE_BEVEL,LARGE_PART,True,82.45096831561872,大部材人工坡口加工区,start,0.0
5,N5_LARGE_BEVEL,LARGE_PART,True,82.68357267966762,大部材人工坡口加工区,finish,0.23260436404889334
5,N5_LARGE_BEVEL,LARGE_PART,True,82.68357267966762,Crane_人工坡口_to_成品区,start,0.0
5,N5_LARGE_BEVEL,LARGE_PART,True,85.68357267966762,Crane_人工坡口_to_成品区,finish,3.0
5,N5_LARGE_BEVEL,LARGE_PART,True,85.68357267966762,大部材成品放置区,enter,0.0
5,N5_LARGE_BEVEL,LARGE_PART,True,85.68357267966762,大部材成品放置区,leave,0.0
6,N5_LARGE_BEVEL,LARGE_PART,True,77.30947282173996,N5切割机,start,0.0
6,N5_LARGE_BEVEL,LARGE_PART,True,105.44150099344486,N5切割机,finish,28.13202817170491
6,N5_LARGE_BEVEL,LARGE_PART,True,105.44150099344486,N5分拣,start,0.0
6,N5_LARGE_BEVEL,LARGE_PART,True,107.44150099344486,N5分拣,finish,2.0
6,N5_LARGE_BEVEL,LARGE_PART,True,107.44150099344486,胎架上打磨,start,0.0
6,N5_LARGE_BEVEL,LARGE_PART,True,107.70886629061775,胎架上打磨,finish,0.26736529717288965
6,N5_LARGE_BEVEL,LARGE_PART,True,107.70886629061775,Crane_胎架_to_人工坡口,start,0.0
6,N5_LARGE_BEVEL,LARGE_PART,True,110.70886629061775,Crane_胎架_to_人工坡口,finish,3.0
6,N5_LARGE_BEVEL,LARGE_PART,True,110.70886629061775,大部材人工坡口加工区,start,0.0
6,N5_LARGE_BEVEL,LARGE_PART,True,110.94288874891798,大部材人工坡口加工区,finish,0.23402245830023072
6,N5_LARGE_BEVEL,LARGE_PART,True,110.94288874891798,Crane_人工坡口_to_成品区,start,0.0
6,N5_LARGE_BEVEL,LARGE_PART,True,113.94288874891798,Crane_人工坡口_to_成品区,finish,3.0
6,N5_LARGE_BEVEL,LARGE_PART,True,113.94288874891798,大部材成品放置区,enter,0.0
6,N5_LARGE_BEVEL,LARGE_PART,True,113.94288874891798,大部材成品放置区,leave,0.0
7,N5_LARGE_BEVEL,LARGE_PART,True,105.44150099344486,N5切割机,start,0.0
7,N5_LARGE_BEVEL,LARGE_PART,True,117.44453459262684,N5切割机,finish,12.003033599181972
7,N5_LARGE_BEVEL,LARGE_PART,True,117.44453459262684,N5分拣,start,0.0
7,N5_LARGE_BEVEL,LARGE_PART,True,119.44453459262684,N5分拣,finish,2.0
7,N5_LARGE_BEVEL,LARGE_PART,True,119.44453459262684,胎架上打磨,start,0.0
7,N5_LARGE_BEVEL,LARGE_PART,True,120.29945715708382,胎架上打磨,finish,0.8549225644569796
7,N5_LARGE_BEVEL,LARGE_PART,True,120.29945715708382,Crane_胎架_to_人工坡口,start,0.0
7,N5_LARGE_BEVEL,LARGE_PART,True,123.29945715708382,Crane_胎架_to_人工坡口,finish,3.0
7,N5_LARGE_BEVEL,LARGE_PART,True,123.29945715708382,大部材人工坡口加工区,start,0.0
7,N5_LARGE_BEVEL,LARGE_PART,True,124.67905697972543,大部材人工坡口加工区,finish,1.3795998226416155
7,N5_LARGE_BEVEL,LARGE_PART,True,124.67905697972543,Crane_人工坡口_to_成品区,start,0.0
7,N5_LARGE_BEVEL,LARGE_PART,True,127.67905697972543,Crane_人工坡口_to_成品区,finish,3.0
7,N5_LARGE_BEVEL,LARGE_PART,True,127.67905697972543,大部材成品放置区,enter,0.0
7,N5_LARGE_BEVEL,LARGE_PART,True,127.67905697972543,大部材成品放置区,leave,0.0
8,N2_LARGE_BEVEL,LARGE_PART,True,99.62751814901162,N2切割机,start,0.0
8,N2_LARGE_BEVEL,LARGE_PART,True,124.47978110855249,N2切割机,finish,24.852262959540866
8,N2_LARGE_BEVEL,LARGE_PART,True,124.47978110855249,N2分拣,start,0.0
8,N2_LARGE_BEVEL,LARGE_PART,True,126.47978110855249,N2分拣,finish,2.0
8,N2_LARGE_BEVEL,LARGE_PART,True,126.47978110855249,胎架上打磨,start,0.0
8,N2_LARGE_BEVEL,LARGE_PART,True,127.18995280778721,胎架上打磨,finish,0.710171699234721
8,N2_LARGE_BEVEL,LARGE_PART,True,127.18995280778721,Crane_胎架_to_人工坡口,start,0.0
8,N2_LARGE_BEVEL,LARGE_PART,True,130.18995280778722,Crane_胎架_to_人工坡口,finish,3.0
8,N2_LARGE_BEVEL,LARGE_PART,True,130.18995280778722,大部材人工坡口加工区,start,0.0
8,N2_LARGE_BEVEL,LARGE_PART,True,133.27370579399394,大部材人工坡口加工区,finish,3.0837529862067217
8,N2_LARGE_BEVEL,LARGE_PART,True,133.27370579399394,Crane_人工坡口_to_成品区,start,0.0
8,N2_LARGE_BEVEL,LARGE_PART,True,136.27370579399394,Crane_人工坡口_to_成品区,finish,3.0
8,N2_LARGE_BEVEL,LARGE_PART,True,136.27370579399394,大部材成品放置区,enter,0.0
8,N2_LARGE_BEVEL,LARGE_PART,True,136.27370579399394,大部材成品放置区,leave,0.0
9,N2_LARGE_BEVEL,LARGE_PART,True,124.47978110855249,N2切割机,start,0.0
9,N2_LARGE_BEVEL,LARGE_PART,True,134.3461756102236,N2切割机,finish,9.866394501671113
9,N2_LARGE_BEVEL,LARGE_PART,True,134.3461756102236,N2分拣,start,0.0
9,N2_LARGE_BEVEL,LARGE_PART,True,136.3461756102236,N2分拣,finish,2.0
9,N2_LARGE_BEVEL,LARGE_PART,True,136.3461756102236,胎架上打磨,start,0.0
9,N2_LARGE_BEVEL,LARGE_PART,True,136.83584592601468,胎架上打磨,finish,0.4896703157910599
9,N2_LARGE_BEVEL,LARGE_PART,True,136.83584592601468,Crane_胎架_to_人工坡口,start,0.0
9,N2_LARGE_BEVEL,LARGE_PART,True,139.83584592601468,Crane_胎架_to_人工坡口,finish,3.0
9,N2_LARGE_BEVEL,LARGE_PART,True,139.83584592601468,大部材人工坡口加工区,start,0.0
9,N2_LARGE_BEVEL,LARGE_PART,True,139.96765550875384,大部材人工坡口加工区,finish,0.1318095827391392
9,N2_LARGE_BEVEL,LARGE_PART,True,139.96765550875384,Crane_人工坡口_to_成品区,start,0.0
9,N2_LARGE_BEVEL,LARGE_PART,True,142.96765550875384,Crane_人工坡口_to_成品区,finish,3.0
9,N2_LARGE_BEVEL,LARGE_PART,True,142.96765550875384,大部材成品放置区,enter,0.0
9,N2_LARGE_BEVEL,LARGE_PART,True,142.96765550875384,大部材成品放置区,leave,0.0
10,N2_LARGE_BEVEL,LARGE_PART,True,134.3461756102236,N2切割机,start,0.0
10,N2_LARGE_BEVEL,LARGE_PART,True,142.78679125570545,N2切割机,finish,8.44061564548183
10,N2_LARGE_BEVEL,LARGE_PART,True,142.78679125570545,N2分拣,start,0.0
10,N2_LARGE_BEVEL,LARGE_PART,True,144.78679125570545,N2分拣,finish,2.0
10,N2_LARGE_BEVEL,LARGE_PART,True,144.78679125570545,胎架上打磨,start,0.0
10,N2_LARGE_BEVEL,LARGE_PART,True,144.92427003473514,胎架上打磨,finish,0.13747877902968958
10,N2_LARGE_BEVEL,LARGE_PART,True,144.92427003473514,Crane_胎架_to_人工坡口,start,0.0
10,N2_LARGE_BEVEL,LARGE_PART,True,147.92427003473514,Crane_胎架_to_人工坡口,finish,3.0
10,N2_LARGE_BEVEL,LARGE_PART,True,147.92427003473514,大部材人工坡口加工区,start,0.0
10,N2_LARGE_BEVEL,LARGE_PART,True,149.3984645753021,大部材人工坡口加工区,finish,1.4741945405669834
10,N2_LARGE_BEVEL,LARGE_PART,True,149.3984645753021,Crane_人工坡口_to_成品区,start,0.0
10,N2_LARGE_BEVEL,LARGE_PART,True,152.3984645753021,Crane_人工坡口_to_成品区,finish,3.0
10,N2_LARGE_BEVEL,LARGE_PART,True,152.3984645753021,大部材成品放置区,enter,0.0
10,N2_LARGE_BEVEL,LARGE_PART,True,152.3984645753021,大部材成品放置区,leave,0.0
11,N2_LARGE_BEVEL,LARGE_PART,True,142.78679125570545,N2切割机,start,0.0
11,N2_LARGE_BEVEL,LARGE_PART,True,160.03690254325704,N2切割机,finish,17.25011128755158
11,N2_LARGE_BEVEL,LARGE_PART,True,160.03690254325704,N2分拣,start,0.0
11,N2_LARGE_BEVEL,LARGE_PART,True,162.03690254325704,N2分拣,finish,2.0
11,N2_LARGE_BEVEL,LARGE_PART,True,162.03690254325704,胎架上打磨,start,0.0
11,N2_LARGE_BEVEL,LARGE_PART,True,162.43531182400022,胎架上打磨,finish,0.3984092807431922
11,N2_LARGE_BEVEL,LARGE_PART,True,162.43531182400022,Crane_胎架_to_人工坡口,start,0.0
11,N2_LARGE_BEVEL,LARGE_PART,True,165.43531182400022,Crane_胎架_to_人工坡口,finish,3.0
11,N2_LARGE_BEVEL,LARGE_PART,True,165.43531182400022,大部材人工坡口加工区,start,0.0
11,N2_LARGE_BEVEL,LARGE_PART,True,166.67842252644687,大部材人工坡口加工区,finish,1.2431107024466308
11,N2_LARGE_BEVEL,LARGE_PART,True,166.67842252644687,Crane_人工坡口_to_成品区,start,0.0
11,N2_LARGE_BEVEL,LARGE_PART,True,169.67842252644687,Crane_人工坡口_to_成品区,finish,3.0
11,N2_LARGE_BEVEL,LARGE_PART,True,169.67842252644687,大部材成品放置区,enter,0.0
11,N2_LARGE_BEVEL,LARGE_PART,True,169.67842252644687,大部材成品放置区,leave,0.0
12,N5_LARGE_BEVEL,LARGE_PART,True,141.49674068217044,N5切割机,start,0.0
12,N5_LARGE_BEVEL,LARGE_PART,True,177.129571066189,N5切割机,finish,35.63283038401853
12,N5_LARGE_BEVEL,LARGE_PART,True,177.129571066189,N5分拣,start,0.0
12,N5_LARGE_BEVEL,LARGE_PART,True,179.129571066189,N5分拣,finish,2.0
12,N5_LARGE_BEVEL,LARGE_PART,True,179.129571066189,胎架上打磨,start,0.0
12,N5_LARGE_BEVEL,LARGE_PART,True,179.98520372164288,胎架上打磨,finish,0.8556326554538979
12,N5_LARGE_BEVEL,LARGE_PART,True,179.98520372164288,Crane_胎架_to_人工坡口,start,0.0
12,N5_LARGE_BEVEL,LARGE_PART,True,182.98520372164288,Crane_胎架_to_人工坡口,finish,3.0
12,N5_LARGE_BEVEL,LARGE_PART,True,182.98520372164288,大部材人工坡口加工区,start,0.0
12,N5_LARGE_BEVEL,LARGE_PART,True,185.32673631333148,大部材人工坡口加工区,finish,2.3415325916886074
12,N5_LARGE_BEVEL,LARGE_PART,True,185.32673631333148,Crane_人工坡口_to_成品区,start,0.0
12,N5_LARGE_BEVEL,LARGE_PART,True,188.32673631333148,Crane_人工坡口_to_成品区,finish,3.0
12,N5_LARGE_BEVEL,LARGE_PART,True,188.32673631333148,大部材成品放置区,enter,0.0
12,N5_LARGE_BEVEL,LARGE_PART,True,188.32673631333148,大部材成品放置区,leave,0.0
13,N2_LARGE_GRIND,LARGE_PART,False,160.03690254325704,N2切割机,start,0.0
13,N2_LARGE_GRIND,LARGE_PART,False,167.1092742788635,N2切割机,finish,7.0723717356064535
13,N2_LARGE_GRIND,LARGE_PART,False,167.1092742788635,N2分拣,start,0.0
13,N2_LARGE_GRIND,LARGE_PART,False,169.1092742788635,N2分拣,finish,2.0
13,N2_LARGE_GRIND,LARGE_PART,False,169.1092742788635,胎架上打磨,start,0.0
13,N2_LARGE_GRIND,LARGE_PART,False,170.03696985362708,胎架上打磨,finish,0.9276955747635899
13,N2_LARGE_GRIND,LARGE_PART,False,170.03696985362708,Crane_胎架_to_成品区,start,0.0
13,N2_LARGE_GRIND,LARGE_PART,False,173.03696985362708,Crane_胎架_to_成品区,finish,3.0
13,N2_LARGE_GRIND,LARGE_PART,False,173.03696985362708,大部材成品放置区,enter,0.0
13,N2_LARGE_GRIND,LARGE_PART,False,173.03696985362708,大部材成品放置区,leave,0.0
13,N2_LARGE_GRIND,LARGE_PART,False,173.03696985362708,Crane_成品区_to_胎架,start,0.0
13,N2_LARGE_GRIND,LARGE_PART,False,176.03696985362708,Crane_成品区_to_胎架,finish,3.0
14,N5_LARGE_BEVEL,LARGE_PART,True,177.129571066189,N5切割机,start,0.0
14,N5_LARGE_BEVEL,LARGE_PART,True,204.5601361325347,N5切割机,finish,27.430565066345704
14,N5_LARGE_BEVEL,LARGE_PART,True,204.5601361325347,N5分拣,start,0.0
14,N5_LARGE_BEVEL,LARGE_PART,True,206.5601361325347,N5分拣,finish,2.0
14,N5_LARGE_BEVEL,LARGE_PART,True,206.5601361325347,胎架上打磨,start,0.0
14,N5_LARGE_BEVEL,LARGE_PART,True,206.88429476563863,胎架上打磨,finish,0.32415863310392456
14,N5_LARGE_BEVEL,LARGE_PART,True,206.88429476563863,Crane_胎架_to_人工坡口,start,0.0
14,N5_LARGE_BEVEL,LARGE_PART,True,209.88429476563863,Crane_胎架_to_人工坡口,finish,3.0
14,N5_LARGE_BEVEL,LARGE_PART,True,209.88429476563863,大部材人工坡口加工区,start,0.0
14,N5_LARGE_BEVEL,LARGE_PART,True,211.63633914412105,大部材人工坡口加工区,finish,1.752044378482415
14,N5_LARGE_BEVEL,LARGE_PART,True,211.63633914412105,Crane_人工坡口_to_成品区,start,0.0
14,N5_LARGE_BEVEL,LARGE_PART,True,214.63633914412105,Crane_人工坡口_to_成品区,finish,3.0
14,N5_LARGE_BEVEL,LARGE_PART,True,214.63633914412105,大部材成品放置区,enter,0.0
14,N5_LARGE_BEVEL,LARGE_PART,True,214.63633914412105,大部材成品放置区,leave,0.0
15,N5_LARGE_BEVEL,LARGE_PART,True,204.5601361325347,N5切割机,start,0.0
15,N5_LARGE_BEVEL,LARGE_PART,True,218.10508173088078,N5切割机,finish,13.5449455983461
15,N5_LARGE_BEVEL,LARGE_PART,True,218.10508173088078,N5分拣,start,0.0
15,N5_LARGE_BEVEL,LARGE_PART,True,220.10508173088078,N5分拣,finish,2.0
15,N5_LARGE_BEVEL,LARGE_PART,True,220.10508173088078,胎架上打磨,start,0.0
15,N5_LARGE_BEVEL,LARGE_PART,True,221.63353862814506,胎架上打磨,finish,1.5284568972642796
15,N5_LARGE_BEVEL,LARGE_PART,True,221.63353862814506,Crane_胎架_to_人工坡口,start,0.0
15,N5_LARGE_BEVEL,LARGE_PART,True,224.63353862814506,Crane_胎架_to_人工坡口,finish,3.0
15,N5_LARGE_BEVEL,LARGE_PART,True,224.63353862814506,大部材人工坡口加工区,start,0.0
15,N5_LARGE_BEVEL,LARGE_PART,True,225.75586535240913,大部材人工坡口加工区,finish,1.1223267242640764
15,N5_LARGE_BEVEL,LARGE_PART,True,225.75586535240913,Crane_人工坡口_to_成品区,start,0.0
15,N5_LARGE_BEVEL,LARGE_PART,True,228.75586535240913,Crane_人工坡口_to_成品区,finish,3.0
15,N5_LARGE_BEVEL,LARGE_PART,True,228.75586535240913,大部材成品放置区,enter,0.0
15,N5_LARGE_BEVEL,LARGE_PART,True,228.75586535240913,大部材成品放置区,leave,0.0
16,N5_LARGE_BEVEL,LARGE_PART,True,218.10508173088078,N5切割机,start,0.0
16,N5_LARGE_BEVEL,LARGE_PART,True,234.99851265644097,N5切割机,finish,16.89343092556019
16,N5_LARGE_BEVEL,LARGE_PART,True,234.99851265644097,N5分拣,start,0.0
16,N5_LARGE_BEVEL,LARGE_PART,True,236.99851265644097,N5分拣,finish,2.0
16,N5_LARGE_BEVEL,LARGE_PART,True,236.99851265644097,胎架上打磨,start,0.0
16,N5_LARGE_BEVEL,LARGE_PART,True,238.13211102244813,胎架上打磨,finish,1.1335983660071574
16,N5_LARGE_BEVEL,LARGE_PART,True,238.13211102244813,Crane_胎架_to_人工坡口,start,0.0
16,N5_LARGE_BEVEL,LARGE_PART,True,241.13211102244813,Crane_胎架_to_人工坡口,finish,3.0
16,N5_LARGE_BEVEL,LARGE_PART,True,241.13211102244813,大部材人工坡口加工区,start,0.0
16,N5_LARGE_BEVEL,LARGE_PART,True,243.90287670115535,大部材人工坡口加工区,finish,2.770765678707235
16,N5_LARGE_BEVEL,LARGE_PART,True,243.90287670115535,Crane_人工坡口_to_成品区,start,0.0
16,N5_LARGE_BEVEL,LARGE_PART,True,246.90287670115535,Crane_人工坡口_to_成品区,finish,3.0
16,N5_LARGE_BEVEL,LARGE_PART,True,246.90287670115535,大部材成品放置区,enter,0.0
16,N5_LARGE_BEVEL,LARGE_PART,True,246.90287670115535,大部材成品放置区,leave,0.0
17,N2_LARGE_BEVEL,LARGE_PART,True,207.34803012648786,N2切割机,start,0.0
17,N2_LARGE_BEVEL,LARGE_PART,True,230.94154718980428,N2切割机,finish,23.593517063316437
17,N2_LARGE_BEVEL,LARGE_PART,True,230.94154718980428,N2分拣,start,0.0
17,N2_LARGE_BEVEL,LARGE_PART,True,232.94154718980428,N2分拣,finish,2.0
17,N2_LARGE_BEVEL,LARGE_PART,True,232.94154718980428,胎架上打磨,start,0.0
17,N2_LARGE_BEVEL,LARGE_PART,True,233.4163015753595,胎架上打磨,finish,0.47475438555522703
17,N2_LARGE_BEVEL,LARGE_PART,True,233.4163015753595,Crane_胎架_to_人工坡口,start,0.0
17,N2_LARGE_BEVEL,LARGE_PART,True,236.4163015753595,Crane_胎架_to_人工坡口,finish,3.0
17,N2_LARGE_BEVEL,LARGE_PART,True,236.4163015753595,大部材人工坡口加工区,start,0.0
17,N2_LARGE_BEVEL,LARGE_PART,True,237.64952225431034,大部材人工坡口加工区,finish,1.2332206789508424
17,N2_LARGE_BEVEL,LARGE_PART,True,237.64952225431034,Crane_人工坡口_to_成品区,start,0.0
17,N2_LARGE_BEVEL,LARGE_PART,True,240.64952225431034,Crane_人工坡口_to_成品区,finish,3.0
17,N2_LARGE_BEVEL,LARGE_PART,True,240.64952225431034,大部材成品放置区,enter,0.0
17,N2_LARGE_BEVEL,LARGE_PART,True,240.64952225431034,大部材成品放置区,leave,0.0
18,N2_LARGE_BEVEL,LARGE_PART,True,230.94154718980428,N2切割机,start,0.0
18,N2_LARGE_BEVEL,LARGE_PART,True,241.630075913696,N2切割机,finish,10.688528723891721
18,N2_LARGE_BEVEL,LARGE_PART,True,241.630075913696,N2分拣,start,0.0
18,N2_LARGE_BEVEL,LARGE_PART,True,243.630075913696,N2分拣,finish,2.0
18,N2_LARGE_BEVEL,LARGE_PART,True,243.630075913696,胎架上打磨,start,0.0
18,N2_LARGE_BEVEL,LARGE_PART,True,244.74830819466874,胎架上打磨,finish,1.1182322809727443
18,N2_LARGE_BEVEL,LARGE_PART,True,244.74830819466874,Crane_胎架_to_人工坡口,start,0.0
18,N2_LARGE_BEVEL,LARGE_PART,True,247.74830819466874,Crane_胎架_to_人工坡口,finish,3.0
18,N2_LARGE_BEVEL,LARGE_PART,True,247.74830819466874,大部材人工坡口加工区,start,0.0
18,N2_LARGE_BEVEL,LARGE_PART,True,248.18234031210497,大部材人工坡口加工区,finish,0.43403211743623005
18,N2_LARGE_BEVEL,LARGE_PART,True,248.18234031210497,Crane_人工坡口_to_成品区,start,0.0
18,N2_LARGE_BEVEL,LARGE_PART,True,251.18234031210497,Crane_人工坡口_to_成品区,finish,3.0
18,N2_LARGE_BEVEL,LARGE_PART,True,251.18234031210497,大部材成品放置区,enter,0.0
18,N2_LARGE_BEVEL,LARGE_PART,True,251.18234031210497,大部材成品放置区,leave,0.0
19,UNKNOWN,LARGE_PART,True,241.630075913696,N2切割机,start,0.0
19,UNKNOWN,LARGE_PART,True,263.7860852103921,N2切割机,finish,22.1560092966961
19,UNKNOWN,LARGE_PART,True,263.7860852103921,N2分拣,start,0.0
19,UNKNOWN,LARGE_PART,True,265.7860852103921,N2分拣,finish,2.0
19,UNKNOWN,LARGE_PART,True,265.7860852103921,GantryManual_N2剩余,start,0.0
19,UNKNOWN,LARGE_PART,True,285.7860852103921,GantryManual_N2剩余,finish,20.0
19,UNKNOWN,LARGE_PART,True,285.7860852103921,AGV_利材箱_to_利材堆场,start,0.0
19,UNKNOWN,LARGE_PART,True,287.4527518770588,AGV_利材箱_to_利材堆场,finish,1.6666666666666667
20,N2_LARGE_GRIND,LARGE_PART,False,263.7860852103921,N2切割机,start,0.0
20,N2_LARGE_GRIND,LARGE_PART,False,272.6894514873861,N2切割机,finish,8.903366276993992
20,N2_LARGE_GRIND,LARGE_PART,False,272.6894514873861,N2分拣,start,0.0
20,N2_LARGE_GRIND,LARGE_PART,False,274.6894514873861,N2分拣,finish,2.0
20,N2_LARGE_GRIND,LARGE_PART,False,274.6894514873861,胎架上打磨,start,0.0
20,N2_LARGE_GRIND,LARGE_PART,False,275.19533245292376,胎架上打磨,finish,0.5058809655376499
20,N2_LARGE_GRIND,LARGE_PART,False,275.19533245292376,Crane_胎架_to_成品区,start,0.0
20,N2_LARGE_GRIND,LARGE_PART,False,278.19533245292376,Crane_胎架_to_成品区,finish,3.0
20,N2_LARGE_GRIND,LARGE_PART,False,278.19533245292376,大部材成品放置区,enter,0.0
20,N2_LARGE_GRIND,LARGE_PART,False,278.19533245292376,大部材成品放置区,leave,0.0
20,N2_LARGE_GRIND,LARGE_PART,False,278.19533245292376,Crane_成品区_to_胎架,start,0.0
20,N2_LARGE_GRIND,LARGE_PART,False,281.19533245292376,Crane_成品区_to_胎架,finish,3.0
21,N2_LARGE_BEVEL,LARGE_PART,True,272.6894514873861,N2切割机,start,0.0
21,N2_LARGE_BEVEL,LARGE_PART,True,284.00560794199475,N2切割机,finish,11.31615645460866
21,N2_LARGE_BEVEL,LARGE_PART,True,284.00560794199475,N2分拣,start,0.0
21,N2_LARGE_BEVEL,LARGE_PART,True,286.00560794199475,N2分拣,finish,2.0
21,N2_LARGE_BEVEL,LARGE_PART,True,286.00560794199475,胎架上打磨,start,0.0
21,N2_LARGE_BEVEL,LARGE_PART,True,286.549596436841,胎架上打磨,finish,0.5439884948462744
21,N2_LARGE_BEVEL,LARGE_PART,True,286.549596436841,Crane_胎架_to_人工坡口,start,0.0
21,N2_LARGE_BEVEL,LARGE_PART,True,289.549596436841,Crane_胎架_to_人工坡口,finish,3.0
21,N2_LARGE_BEVEL,LARGE_PART,True,289.549596436841,大部材人工坡口加工区,start,0.0
21,N2_LARGE_BEVEL,LARGE_PART,True,290.05237854490093,大部材人工坡口加工区,finish,0.5027821080599381
21,N2_LARGE_BEVEL,LARGE_PART,True,290.05237854490093,Crane_人工坡口_to_成品区,start,0.0
21,N2_LARGE_BEVEL,LARGE_PART,True,293.05237854490093,Crane_人工坡口_to_成品区,finish,3.0
21,N2_LARGE_BEVEL,LARGE_PART,True,293.05237854490093,大部材成品放置区,enter,0.0
21,N2_LARGE_BEVEL,LARGE_PART,True,293.05237854490093,大部材成品放置区,leave,0.0
22,UNKNOWN,LARGE_PART,True,284.00560794199475,N2切割机,start,0.0
22,UNKNOWN,LARGE_PART,True,298.10541646469466,N2切割机,finish,14.09980852269992
22,UNKNOWN,LARGE_PART,True,298.10541646469466,N2分拣,start,0.0
22,UNKNOWN,LARGE_PART,True,300.10541646469466,N2分拣,finish,2.0
22,UNKNOWN,LARGE_PART,True,300.10541646469466,GantryManual_N2剩余,start,0.0
22,UNKNOWN,LARGE_PART,True,320.10541646469466,GantryManual_N2剩余,finish,20.0
22,UNKNOWN,LARGE_PART,True,320.10541646469466,AGV_利材箱_to_利材堆场,start,0.0
22,UNKNOWN,LARGE_PART,True,321.77208313136134,AGV_利材箱_to_利材堆场,finish,1.6666666666666667
23,N5_LARGE_GRIND,LARGE_PART,False,299.41981968160115,N5切割机,start,0.0
23,N5_LARGE_GRIND,LARGE_PART,False,320.12102251556314,N5切割机,finish,20.701202833961993
23,N5_LARGE_GRIND,LARGE_PART,False,320.12102251556314,N5分拣,start,0.0
23,N5_LARGE_GRIND,LARGE_PART,False,322.12102251556314,N5分拣,finish,2.0
23,N5_LARGE_GRIND,LARGE_PART,False,322.12102251556314,胎架上打磨,start,0.0
23,N5_LARGE_GRIND,LARGE_PART,False,322.6586324509054,胎架上打磨,finish,0.5376099353422525
23,N5_LARGE_GRIND,LARGE_PART,False,322.6586324509054,Crane_胎架_to_成品区,start,0.0
23,N5_LARGE_GRIND,LARGE_PART,False,325.6586324509054,Crane_胎架_to_成品区,finish,3.0
23,N5_LARGE_GRIND,LARGE_PART,False,325.6586324509054,大部材成品放置区,enter,0.0
23,N5_LARGE_GRIND,LARGE_PART,False,325.6586324509054,大部材成品放置区,leave,0.0
23,N5_LARGE_GRIND,LARGE_PART,False,325.6586324509054,Crane_成品区_to_胎架,start,0.0
23,N5_LARGE_GRIND,LARGE_PART,False,328.6586324509054,Crane_成品区_to_胎架,finish,3.0
24,N5_LARGE_BEVEL,LARGE_PART,True,320.12102251556314,N5切割机,start,0.0
24,N5_LARGE_BEVEL,LARGE_PART,True,340.39736588831425,N5切割机,finish,20.2763433727511
24,N5_LARGE_BEVEL,LARGE_PART,True,340.39736588831425,N5分拣,start,0.0
24,N5_LARGE_BEVEL,LARGE_PART,True,342.39736588831425,N5分拣,finish,2.0
24,N5_LARGE_BEVEL,LARGE_PART,True,342.39736588831425,胎架上打磨,start,0.0
24,N5_LARGE_BEVEL,LARGE_PART,True,343.3795232320741,胎架上打磨,finish,0.9821573437598431
24,N5_LARGE_BEVEL,LARGE_PART,True,343.3795232320741,Crane_胎架_to_人工坡口,start,0.0
24,N5_LARGE_BEVEL,LARGE_PART,True,346.3795232320741,Crane_胎架_to_人工坡口,finish,3.0
24,N5_LARGE_BEVEL,LARGE_PART,True,346.3795232320741,大部材人工坡口加工区,start,0.0
24,N5_LARGE_BEVEL,LARGE_PART,True,348.5592076137991,大部材人工坡口加工区,finish,2.179684381725014
24,N5_LARGE_BEVEL,LARGE_PART,True,348.5592076137991,Crane_人工坡口_to_成品区,start,0.0
24,N5_LARGE_BEVEL,LARGE_PART,True,351.5592076137991,Crane_人工坡口_to_成品区,finish,3.0
24,N5_LARGE_BEVEL,LARGE_PART,True,351.5592076137991,大部材成品放置区,enter,0.0
24,N5_LARGE_BEVEL,LARGE_PART,True,351.5592076137991,大部材成品放置区,leave,0.0
25,N2_LARGE_BEVEL,LARGE_PART,True,329.46322192485184,N2切割机,start,0.0
25,N2_LARGE_BEVEL,LARGE_PART,True,365.14868381251233,N2切割机,finish,35.685461887660466
25,N2_LARGE_BEVEL,LARGE_PART,True,365.14868381251233,N2分拣,start,0.0
25,N2_LARGE_BEVEL,LARGE_PART,True,367.14868381251233,N2分拣,finish,2.0
25,N2_LARGE_BEVEL,LARGE_PART,True,367.14868381251233,胎架上打磨,start,0.0
25,N2_LARGE_BEVEL,LARGE_PART,True,368.15980924491987,胎架上打磨,finish,1.0111254324075574
25,N2_LARGE_BEVEL,LARGE_PART,True,368.15980924491987,Crane_胎架_to_人工坡口,start,0.0
25,N2_LARGE_BEVEL,LARGE_PART,True,371.15980924491987,Crane_胎架_to_人工坡口,finish,3.0
25,N2_LARGE_BEVEL,LARGE_PART,True,371.15980924491987,大部材人工坡口加工区,start,0.0
25,N2_LARGE_BEVEL,LARGE_PART,True,371.3722565311927,大部材人工坡口加工区,finish,0.2124472862728311
25,N2_LARGE_BEVEL,LARGE_PART,True,371.3722565311927,Crane_人工坡口_to_成品区,start,0.0
25,N2_LARGE_BEVEL,LARGE_PART,True,374.3722565311927,Crane_人工坡口_to_成品区,finish,3.0
25,N2_LARGE_BEVEL,LARGE_PART,True,374.3722565311927,大部材成品放置区,enter,0.0
25,N2_LARGE_BEVEL,LARGE_PART,True,374.3722565311927,大部材成品放置区,leave,0.0
26,UNKNOWN,LARGE_PART,True,340.39736588831425,N5切割机,start,0.0
26,UNKNOWN,LARGE_PART,True,349.5578946314616,N5切割机,finish,9.16052874314732
26,UNKNOWN,LARGE_PART,True,349.5578946314616,N5分拣,start,0.0
26,UNKNOWN,LARGE_PART,True,351.5578946314616,N5分拣,finish,2.0
26,UNKNOWN,LARGE_PART,True,351.5578946314616,GantryManual_N5剩余,start,0.0
26,UNKNOWN,LARGE_PART,True,371.5578946314616,GantryManual_N5剩余,finish,20.0
26,UNKNOWN,LARGE_PART,True,371.5578946314616,AGV_利材箱_to_利材堆场,start,0.0
26,UNKNOWN,LARGE_PART,True,373.22456129812826,AGV_利材箱_to_利材堆场,finish,1.6666666666666667
27,N5_LARGE_BEVEL,LARGE_PART,True,352.1291219769,N5切割机,start,0.0
27,N5_LARGE_BEVEL,LARGE_PART,True,365.4879020882883,N5切割机,finish,13.358780111388306
27,N5_LARGE_BEVEL,LARGE_PART,True,365.4879020882883,N5分拣,start,0.0
27,N5_LARGE_BEVEL,LARGE_PART,True,367.4879020882883,N5分拣,finish,2.0
27,N5_LARGE_BEVEL,LARGE_PART,True,368.15980924491987,胎架上打磨,start,0.0
27,N5_LARGE_BEVEL,LARGE_PART,True,368.43074772322115,胎架上打磨,finish,0.2709384783012791
27,N5_LARGE_BEVEL,LARGE_PART,True,368.43074772322115,Crane_胎架_to_人工坡口,start,0.0
27,N5_LARGE_BEVEL,LARGE_PART,True,371.43074772322115,Crane_胎架_to_人工坡口,finish,3.0
27,N5_LARGE_BEVEL,LARGE_PART,True,371.43074772322115,大部材人工坡口加工区,start,0.0
27,N5_LARGE_BEVEL,LARGE_PART,True,374.58831726084856,大部材人工坡口加工区,finish,3.1575695376274133
27,N5_LARGE_BEVEL,LARGE_PART,True,374.58831726084856,Crane_人工坡口_to_成品区,start,0.0
27,N5_LARGE_BEVEL,LARGE_PART,True,377.58831726084856,Crane_人工坡口_to_成品区,finish,3.0
27,N5_LARGE_BEVEL,LARGE_PART,True,377.58831726084856,大部材成品放置区,enter,0.0
27,N5_LARGE_BEVEL,LARGE_PART,True,377.58831726084856,大部材成品放置区,leave,0.0
28,UNKNOWN,LARGE_PART,True,365.4879020882883,N5切割机,start,0.0
28,UNKNOWN,LARGE_PART,True,377.40350424817376,N5切割机,finish,11.915602159885466
28,UNKNOWN,LARGE_PART,True,377.40350424817376,N5分拣,start,0.0
28,UNKNOWN,LARGE_PART,True,379.40350424817376,N5分拣,finish,2.0
28,UNKNOWN,LARGE_PART,True,379.40350424817376,GantryManual_N5剩余,start,0.0
28,UNKNOWN,LARGE_PART,True,399.40350424817376,GantryManual_N5剩余,finish,20.0
28,UNKNOWN,LARGE_PART,True,399.40350424817376,AGV_利材箱_to_利材堆场,start,0.0
28,UNKNOWN,LARGE_PART,True,401.07017091484045,AGV_利材箱_to_利材堆场,finish,1.6666666666666667
29,N5_LARGE_BEVEL,LARGE_PART,True,386.8501450678166,N5切割机,start,0.0
29,N5_LARGE_BEVEL,LARGE_PART,True,396.20280843139943,N5切割机,finish,9.352663363582831
29,N5_LARGE_BEVEL,LARGE_PART,True,396.20280843139943,N5分拣,start,0.0
29,N5_LARGE_BEVEL,LARGE_PART,True,398.20280843139943,N5分拣,finish,2.0
29,N5_LARGE_BEVEL,LARGE_PART,True,398.20280843139943,胎架上打磨,start,0.0
29,N5_LARGE_BEVEL,LARGE_PART,True,399.4088749706234,胎架上打磨,finish,1.206066539223973
29,N5_LARGE_BEVEL,LARGE_PART,True,399.4088749706234,Crane_胎架_to_人工坡口,start,0.0
29,N5_LARGE_BEVEL,LARGE_PART,True,402.4088749706234,Crane_胎架_to_人工坡口,finish,3.0
29,N5_LARGE_BEVEL,LARGE_PART,True,402.4088749706234,大部材人工坡口加工区,start,0.0
29,N5_LARGE_BEVEL,LARGE_PART,True,403.01867312831945,大部材人工坡口加工区,finish,0.6097981576960201
29,N5_LARGE_BEVEL,LARGE_PART,True,403.01867312831945,Crane_人工坡口_to_成品区,start,0.0
29,N5_LARGE_BEVEL,LARGE_PART,True,406.01867312831945,Crane_人工坡口_to_成品区,finish,3.0
29,N5_LARGE_BEVEL,LARGE_PART,True,406.01867312831945,大部材成品放置区,enter,0.0
29,N5_LARGE_BEVEL,LARGE_PART,True,406.01867312831945,大部材成品放置区,leave,0.0
30,N2_LARGE_BEVEL,LARGE_PART,True,392.2640799450874,N2切割机,start,0.0
30,N2_LARGE_BEVEL,LARGE_PART,True,402.5130237823256,N2切割机,finish,10.248943837238201
30,N2_LARGE_BEVEL,LARGE_PART,True,402.5130237823256,N2分拣,start,0.0
30,N2_LARGE_BEVEL,LARGE_PART,True,404.5130237823256,N2分拣,finish,2.0
30,N2_LARGE_BEVEL,LARGE_PART,True,404.5130237823256,胎架上打磨,start,0.0
30,N2_LARGE_BEVEL,LARGE_PART,True,404.6531404503544,胎架上打磨,finish,0.1401166680287572
30,N2_LARGE_BEVEL,LARGE_PART,True,404.6531404503544,Crane_胎架_to_人工坡口,start,0.0
30,N2_LARGE_BEVEL,LARGE_PART,True,407.6531404503544,Crane_胎架_to_人工坡口,finish,3.0
30,N2_LARGE_BEVEL,LARGE_PART,True,407.6531404503544,大部材人工坡口加工区,start,0.0
30,N2_LARGE_BEVEL,LARGE_PART,True,409.9643311825071,大部材人工坡口加工区,finish,2.31119073215273
30,N2_LARGE_BEVEL,LARGE_PART,True,409.9643311825071,Crane_人工坡口_to_成品区,start,0.0
30,N2_LARGE_BEVEL,LARGE_PART,True,412.9643311825071,Crane_人工坡口_to_成品区,finish,3.0
30,N2_LARGE_BEVEL,LARGE_PART,True,412.9643311825071,大部材成品放置区,enter,0.0
30,N2_LARGE_BEVEL,LARGE_PART,True,412.9643311825071,大部材成品放置区,leave,0.0
31,N2_LARGE_BEVEL,LARGE_PART,True,402.5130237823256,N2切割机,start,0.0
31,N2_LARGE_BEVEL,LARGE_PART,True,414.3489125827304,N2切割机,finish,11.83588880040482
31,N2_LARGE_BEVEL,LARGE_PART,True,414.3489125827304,N2分拣,start,0.0
31,N2_LARGE_BEVEL,LARGE_PART,True,416.3489125827304,N2分拣,finish,2.0
31,N2_LARGE_BEVEL,LARGE_PART,True,416.3489125827304,胎架上打磨,start,0.0
31,N2_LARGE_BEVEL,LARGE_PART,True,417.1393441840617,胎架上打磨,finish,0.7904316013313148
31,N2_LARGE_BEVEL,LARGE_PART,True,417.1393441840617,Crane_胎架_to_人工坡口,start,0.0
31,N2_LARGE_BEVEL,LARGE_PART,True,420.1393441840617,Crane_胎架_to_人工坡口,finish,3.0
31,N2_LARGE_BEVEL,LARGE_PART,True,420.1393441840617,大部材人工坡口加工区,start,0.0
31,N2_LARGE_BEVEL,LARGE_PART,True,421.21121329269573,大部材人工坡口加工区,finish,1.0718691086340382
31,N2_LARGE_BEVEL,LARGE_PART,True,421.21121329269573,Crane_人工坡口_to_成品区,start,0.0
31,N2_LARGE_BEVEL,LARGE_PART,True,424.21121329269573,Crane_人工坡口_to_成品区,finish,3.0
31,N2_LARGE_BEVEL,LARGE_PART,True,424.21121329269573,大部材成品放置区,enter,0.0
31,N2_LARGE_BEVEL,LARGE_PART,True,424.21121329269573,大部材成品放置区,leave,0.0
32,UNKNOWN,LARGE_PART,True,397.6942123633559,N5切割机,start,0.0
32,UNKNOWN,LARGE_PART,True,414.4924899277565,N5切割机,finish,16.798277564400575
32,UNKNOWN,LARGE_PART,True,414.4924899277565,N5分拣,start,0.0
32,UNKNOWN,LARGE_PART,True,416.4924899277565,N5分拣,finish,2.0
32,UNKNOWN,LARGE_PART,True,416.4924899277565,GantryManual_N5剩余,start,0.0
32,UNKNOWN,LARGE_PART,True,436.4924899277565,GantryManual_N5剩余,finish,20.0
32,UNKNOWN,LARGE_PART,True,436.4924899277565,AGV_利材箱_to_利材堆场,start,0.0
32,UNKNOWN,LARGE_PART,True,438.15915659442317,AGV_利材箱_to_利材堆场,finish,1.6666666666666667
33,N5_LARGE_BEVEL,LARGE_PART,True,414.7453155743334,N5切割机,start,0.0
33,N5_LARGE_BEVEL,LARGE_PART,True,422.50044326187617,N5切割机,finish,7.755127687542791
33,N5_LARGE_BEVEL,LARGE_PART,True,422.50044326187617,N5分拣,start,0.0
33,N5_LARGE_BEVEL,LARGE_PART,True,424.50044326187617,N5分拣,finish,2.0
33,N5_LARGE_BEVEL,LARGE_PART,True,424.50044326187617,胎架上打磨,start,0.0
33,N5_LARGE_BEVEL,LARGE_PART,True,425.09438986248,胎架上打磨,finish,0.5939466006038259
33,N5_LARGE_BEVEL,LARGE_PART,True,425.09438986248,Crane_胎架_to_人工坡口,start,0.0
33,N5_LARGE_BEVEL,LARGE_PART,True,428.09438986248,Crane_胎架_to_人工坡口,finish,3.0
33,N5_LARGE_BEVEL,LARGE_PART,True,428.09438986248,大部材人工坡口加工区,start,0.0
33,N5_LARGE_BEVEL,LARGE_PART,True,428.6519408877253,大部材人工坡口加工区,finish,0.5575510252452808
33,N5_LARGE_BEVEL,LARGE_PART,True,428.6519408877253,Crane_人工坡口_to_成品区,start,0.0
33,N5_LARGE_BEVEL,LARGE_PART,True,431.6519408877253,Crane_人工坡口_to_成品区,finish,3.0
33,N5_LARGE_BEVEL,LARGE_PART,True,431.6519408877253,大部材成品放置区,enter,0.0
33,N5_LARGE_BEVEL,LARGE_PART,True,431.6519408877253,大部材成品放置区,leave,0.0
34,N5_LARGE_BEVEL,LARGE_PART,True,422.50044326187617,N5切割机,start,0.0
34,N5_LARGE_BEVEL,LARGE_PART,True,440.30958342263585,N5切割机,finish,17.809140160759682
34,N5_LARGE_BEVEL,LARGE_PART,True,440.30958342263585,N5分拣,start,0.0
34,N5_LARGE_BEVEL,LARGE_PART,True,442.30958342263585,N5分拣,finish,2.0
34,N5_LARGE_BEVEL,LARGE_PART,True,442.30958342263585,胎架上打磨,start,0.0
34,N5_LARGE_BEVEL,LARGE_PART,True,443.51349774371806,胎架上打磨,finish,1.2039143210821994
34,N5_LARGE_BEVEL,LARGE_PART,True,443.51349774371806,Crane_胎架_to_人工坡口,start,0.0
34,N5_LARGE_BEVEL,LARGE_PART,True,446.51349774371806,Crane_胎架_to_人工坡口,finish,3.0
34,N5_LARGE_BEVEL,LARGE_PART,True,446.51349774371806,大部材人工坡口加工区,start,0.0
34,N5_LARGE_BEVEL,LARGE_PART,True,447.693612133958,大部材人工坡口加工区,finish,1.1801143902399929
34,N5_LARGE_BEVEL,LARGE_PART,True,447.693612133958,Crane_人工坡口_to_成品区,start,0.0
34,N5_LARGE_BEVEL,LARGE_PART,True,450.693612133958,Crane_人工坡口_to_成品区,finish,3.0
34,N5_LARGE_BEVEL,LARGE_PART,True,450.693612133958,大部材成品放置区,enter,0.0
34,N5_LARGE_BEVEL,LARGE_PART,True,450.693612133958,大部材成品放置区,leave,0.0
35,N5_LARGE_GRIND,LARGE_PART,False,440.30958342263585,N5切割机,start,0.0
35,N5_LARGE_GRIND,LARGE_PART,False,449.0100952834297,N5切割机,finish,8.70051186079382
35,N5_LARGE_GRIND,LARGE_PART,False,449.0100952834297,N5分拣,start,0.0
35,N5_LARGE_GRIND,LARGE_PART,False,451.0100952834297,N5分拣,finish,2.0
35,N5_LARGE_GRIND,LARGE_PART,False,451.0100952834297,胎架上打磨,start,0.0
35,N5_LARGE_GRIND,LARGE_PART,False,451.12069091649926,胎架上打磨,finish,0.11059563306958674
35,N5_LARGE_GRIND,LARGE_PART,False,451.12069091649926,Crane_胎架_to_成品区,start,0.0
35,N5_LARGE_GRIND,LARGE_PART,False,454.12069091649926,Crane_胎架_to_成品区,finish,3.0
35,N5_LARGE_GRIND,LARGE_PART,False,454.12069091649926,大部材成品放置区,enter,0.0
35,N5_LARGE_GRIND,LARGE_PART,False,454.12069091649926,大部材成品放置区,leave,0.0
35,N5_LARGE_GRIND,LARGE_PART,False,454.12069091649926,Crane_成品区_to_胎架,start,0.0
35,N5_LARGE_GRIND,LARGE_PART,False,457.12069091649926,Crane_成品区_to_胎架,finish,3.0
36,N2_LARGE_BEVEL,LARGE_PART,True,446.53285556091754,N2切割机,start,0.0
36,N2_LARGE_BEVEL,LARGE_PART,True,465.85297605287474,N2切割机,finish,19.32012049195717
36,N2_LARGE_BEVEL,LARGE_PART,True,465.85297605287474,N2分拣,start,0.0
36,N2_LARGE_BEVEL,LARGE_PART,True,467.85297605287474,N2分拣,finish,2.0
36,N2_LARGE_BEVEL,LARGE_PART,True,467.85297605287474,胎架上打磨,start,0.0
36,N2_LARGE_BEVEL,LARGE_PART,True,468.417189587013,胎架上打磨,finish,0.5642135341382514
36,N2_LARGE_BEVEL,LARGE_PART,True,468.417189587013,Crane_胎架_to_人工坡口,start,0.0
36,N2_LARGE_BEVEL,LARGE_PART,True,471.417189587013,Crane_胎架_to_人工坡口,finish,3.0
36,N2_LARGE_BEVEL,LARGE_PART,True,471.417189587013,大部材人工坡口加工区,start,0.0
36,N2_LARGE_BEVEL,LARGE_PART,True,474.3742680192516,大部材人工坡口加工区,finish,2.9570784322385935
36,N2_LARGE_BEVEL,LARGE_PART,True,474.3742680192516,Crane_人工坡口_to_成品区,start,0.0
36,N2_LARGE_BEVEL,LARGE_PART,True,477.3742680192516,Crane_人工坡口_to_成品区,finish,3.0
36,N2_LARGE_BEVEL,LARGE_PART,True,477.3742680192516,大部材成品放置区,enter,0.0
36,N2_LARGE_BEVEL,LARGE_PART,True,477.3742680192516,大部材成品放置区,leave,0.0
37,UNKNOWN,UNKNOWN,True,462.77916782808927,N5切割机,start,0.0
38,UNKNOWN,UNKNOWN,True,469.70454794121895,N2切割机,start,0.0
38,UNKNOWN,UNKNOWN,True,479.47140027196906,N2切割机,finish,9.766852330750133
38,UNKNOWN,UNKNOWN,True,479.47140027196906,N2分拣,start,0.0
39,UNKNOWN,UNKNOWN,True,479.47140027196906,N2切割机,start,0.0
