套料图名,分段号,厚度(mm),N5资格,直切长度(mm),V坡长度(mm),空行程长度(mm),划线长度(mm),直切时间(min),V坡时间(min),空行程时间24m/min(min),划线时间24m/min(min),穿孔时间(min),切割总时间(min),模型cut_duration(min),模型误差(min),零件数,小件数,大件数,分拣合计,自动打磨合计,自动坡口修正合计,自动坡口现状合计,桁架码垛合计,自由边打磨合计,人工坡口修正合计,人工坡口现状合计,天车吊运合计,链长最大值修正,链长最大值现状
A03S-1251,AP2,24.0,是,29348.75,7933.194,33996.46,29525.74,16.925461,7.231717,1.416519,1.230239,0.0,26.803937,52.974214,26.170277003,2,0,2,0.0,0.0,0.0,0.0,0.0,0.9078630000000001,71.025536,103.307884,10.0,41.055389,57.196565
A03S-1274,AP2,12.0,是,40199.92,0.0,36609.42,4877.48,11.618474,0.0,1.525392,0.203228,0.0,13.347095,25.933775,12.586680154,16,16,0,25.28,29.459139999999998,0.0,0.0,18.72,0.0,0.0,0.0,0.0,8.10453,8.10453
A03S-1276,AP2,12.0,是,102034.48,28630.218,108385.88,9605.44,29.489734,10.088167,4.516078,0.400227,0.0,44.494206,87.370266,42.87605955,31,31,0,48.980000000000004,60.914512,0.0,73.5,36.269999999999996,0.0,0.0,0.0,0.0,8.343922,14.593922
A03S-1277,AP2,11.0,是,70631.67,33212.479,112080.13,114439.64,19.063879,10.867958,4.670005,4.768318,0.0,39.37016,71.796316,32.426156025,7,5,2,7.9,11.211416,0.0,17.5,5.85,0.587045,0.0,201.41764,10.0,8.380556,106.014924
A03S-1283,AP2,20.0,是,56320.8,10951.568,89821.91,41773.48,28.287695,9.408564,3.74258,1.740562,0.0,43.179399,84.017012,40.83761305,5,2,3,2.58,2.2874369999999997,0.0,7.0,2.34,2.334124,76.421844,145.70998,15.0,68.791016,68.791016
A03S-1284,AP2,18.0,是,65457.84,18326.022,85339.42,60143.22,28.634226,13.090016,3.555809,2.505968,0.0,47.786018,92.98728,45.201261556,4,0,4,0.0,0.0,0.0,0.0,0.0,0.737468,21.017832,173.690856,20.0,10.664432,49.124816
A03S-1285,AP2,16.5,是,50022.1,20475.186,134822.84,121216.39,20.425521,13.261131,5.617618,5.050683,0.0,44.354953,80.848825,36.493872404,8,7,1,11.06,10.832011,0.0,0.0,8.19,0.484821,0.0,153.441108,5.0,7.250318,158.925929
A03S-1286,AP2,15.0,是,60976.33,6254.494,66360.18,20107.82,21.684328,3.341076,2.765007,0.837826,0.0,28.628237,55.739091,27.110854046,19,18,1,28.44,31.890827,62.31656,69.31656,21.06,0.478308,21.283996,21.283996,5.0,26.762304,26.762304
A03S-1287,AP2,14.5,是,29889.49,9665.32,25028.17,17539.22,10.629264,5.163098,1.04284,0.730801,0.0,17.566003,34.674396,17.10839234,5,3,2,4.74,5.020746,3.689637,7.189636999999999,3.51,0.622986,0.0,37.227892,10.0,13.616433,23.948333
A03S-1288,AP2,13.0,是,62014.78,11906.966,94387.8,83229.99,19.205568,5.233831,3.932825,3.467916,0.0,31.840141,58.316157,26.476016121,3,0,3,0.0,0.0,0.0,0.0,0.0,0.7028129999999999,0.0,47.62786,15.0,5.323576,41.16826
A03S-1289,AP2,12.5,是,116052.92,11912.916,182685.99,83615.85,35.940824,5.236447,7.611916,3.483994,0.0,52.27318,96.88189,44.608709576,4,0,4,0.0,0.0,0.0,0.0,0.0,1.68188,0.0,47.651664,20.0,5.693581,17.614733
A03S-1290,AP2,12.5,是,124593.68,11150.504,160336.13,87107.5,38.585841,4.90132,6.680672,3.629479,0.0,53.797313,100.908404,47.111091362,4,0,4,0.0,0.0,0.0,0.0,0.0,1.816943,0.0,123.952072,20.0,5.677497,36.958661
A03S-1291,AP2,12.5,是,122733.05,11544.554,185978.75,83162.05,38.009616,5.074529,7.749115,3.465085,0.0,54.298345,100.972836,46.674490645,5,1,4,1.58,1.358104,0.0,0.0,1.17,3.240734,0.0,84.082096,20.0,6.858104,36.346248
A03S-1292,AP2,12.5,是,127210.95,35345.347,170072.01,106167.47,39.396392,15.536416,7.086334,4.423645,0.0,66.442787,125.953329,59.510542364,24,20,4,31.020000000000003,34.005349,10.761759,66.761759,23.4,2.151179,0.0,94.977108,20.0,15.245936,29.7037
A03S-1293,AP2,12.5,是,51504.77,6841.284,65943.83,33976.41,15.950688,3.007158,2.74766,1.415684,0.0,23.121189,43.658854,20.537665765,10,8,2,12.64,14.731685,0.0,28.0,9.36,1.117706,0.0,13.193743999999999,10.0,8.685317,14.935317
A03S-1294,AP2,12.5,是,194025.76,52422.102,250627.12,111581.66,60.088498,23.042682,10.442797,4.649236,0.0,98.223213,188.281991,90.058778534,38,30,8,47.400000000000006,62.880522,7.259911,91.259911,35.099999999999994,9.048494999999999,0.0,166.222196,40.0,13.931529,32.435426
A03S-1295,AP2,12.5,是,55590.72,9464.323,62144.98,20465.32,17.216079,4.160142,2.589374,0.852722,0.0,24.818317,47.97589,23.157573031,16,14,2,21.54,27.33651,0.0,31.5,16.38,1.312726,0.0,28.707808,10.0,9.768492,20.024045
A03S-1296,AP2,12.0,是,53996.7,10831.911,34070.24,1678.78,15.605983,3.816741,1.419593,0.069949,0.0,20.912266,41.95355,21.04128398,22,22,0,34.18,26.992608,0.0,42.0,25.74,0.0,0.0,0.0,0.0,7.055618,13.071613
A03S-1297,AP2,12.0,是,42699.45,9646.078,67243.35,35930.15,12.340882,3.3989,2.801806,1.49709,0.0,20.038677,37.090107,17.051429885,8,6,2,9.48,16.33086,7.100677,21.100677,7.02,1.2724719999999998,0.0,22.48416,10.0,15.608962,17.272891
A03S-1299,AP2,11.5,是,55033.73,14083.066,45647.26,7904.74,15.905702,4.962321,1.901969,0.329364,0.0,23.099356,45.706381,22.607024874,21,20,1,31.6,41.57693,0.0,70.0,23.4,1.381926,0.0,6.743648,5.0,8.638695,14.888695
A03S-1300,AP2,10.0,是,77196.34,20230.848,134855.55,69176.41,19.454723,6.128703,5.618981,2.88235,0.0,34.084757,61.800135,27.715377733,2,0,2,0.0,0.0,0.0,0.0,0.0,2.061612,0.0,143.623924,10.0,6.030806,77.880038
A03S-1301,AP2,10.0,是,79949.44,657.118,116063.76,68804.02,20.148548,0.199066,4.83599,2.866834,0.0,28.050439,50.093688,22.043249292,3,1,2,1.0,1.0,0.0,3.5,1.17,0.241661,0.0,62.738856,10.0,5.92,36.611089
A03S-1302,AP2,10.0,是,225953.97,10584.802,237543.15,12805.92,56.944045,3.206544,9.897631,0.53358,0.0,70.5818,135.744938,65.163138014,16,0,16,0.0,0.0,0.0,0.0,0.0,5.581018,0.0,42.339208,80.0,6.5165,9.3334
A03S-1303,AP2,10.0,是,89868.79,4219.22,65539.72,4006.6,22.648385,1.278164,2.730822,0.166942,0.0,26.824312,52.74474,25.920427833,6,0,6,0.0,0.0,0.0,0.0,0.0,6.52667,0.0,16.87688,30.0,6.654713,9.469613
A03S-1304,AP2,10.0,是,24144.14,11309.038,40945.53,18688.11,6.084713,3.425943,1.706064,0.778671,0.0,11.995391,22.298601,10.303210395,2,0,2,0.0,0.0,0.0,0.0,0.0,3.309426,0.0,45.236152,10.0,6.654713,29.272789
A03S-1305,AP2,12.5,是,38891.78,12148.747,40225.53,9323.69,12.044528,5.340109,1.676064,0.388487,0.0,19.449187,38.282543,18.83335598,10,8,2,12.64,16.166366,0.0,28.0,9.36,2.883785,0.0,23.267488,10.0,8.402135,18.278457
E01S-1200,BN1,20.0,是,35457.13,2317.695,32993.93,23108.79,17.808704,1.991147,1.374747,0.962866,0.0,22.137464,43.587303,21.449838666,4,3,1,4.74,4.639476,29.834328,29.834328,3.51,0.483111,18.785624,28.056408,5.0,24.268735,33.539519
E01S-1203,BN1,16.5,是,80384.94,16309.452,129504.43,93151.43,32.823577,10.563117,5.396018,3.88131,0.0,52.664021,99.666272,47.002251346,26,24,2,35.6,45.006447,0.0,14.0,28.08,1.022634,86.52124,131.515008,10.0,92.278477,123.565729
E01S-1204,BN1,36.0,是,37650.83,0.0,36188.93,7580.73,36.948803,0.0,1.507872,0.315864,0.0,38.772539,78.800408,40.027869643,2,0,2,0.0,0.0,0.0,0.0,0.0,0.530794,75.652744,75.652744,10.0,43.091769,43.091769
E01S-1205,BN1,28.0,是,76053.73,18314.422,113296.68,111811.62,54.092269,20.037661,4.720695,4.658817,0.0,83.509442,163.816866,80.307423819,2,0,2,0.0,0.0,0.0,0.0,0.0,1.04788,133.089632,206.34732,10.0,72.078791,108.697635
E01S-1206,BN1,28.0,是,62105.31,4104.117,63521.69,71335.87,44.171629,4.490281,2.646737,2.972328,0.0,54.280975,106.998044,52.717069075,2,0,2,0.0,0.0,0.0,0.0,0.0,1.033693,172.014904,188.43136800000002,10.0,108.438266,108.438266
E01S-1207,BN1,25.0,是,9611.16,0.0,14507.26,9557.99,5.867619,0.0,0.604469,0.39825,0.0,6.870338,13.226925,6.356587302,1,0,1,0.0,0.0,0.0,0.0,0.0,0.671944,19.045984,19.04598,5.0,24.717928,24.717924
E01S-1208,BN1,22.0,是,154893.44,10844.364,123165.79,43096.12,89.327243,11.111029,5.131908,1.795672,0.0,107.365852,216.17398,108.808128061,18,18,0,28.44,36.127002,78.028688,78.028688,21.06,0.0,0.0,0.0,0.0,15.948171,15.948171
E01S-1209,BN1,22.0,是,31991.76,2507.601,30298.87,11053.01,18.449689,2.569263,1.262453,0.460542,0.0,22.741947,45.512478,22.770531226,4,4,0,5.74,7.169341,19.245902,19.245902,4.68,0.0,0.0,0.0,0.0,15.93844,15.93844
E01S-1210,BN1,20.0,是,28351.7,0.0,34635.13,49365.64,14.23993,0.0,1.44313,2.056902,0.0,17.739962,33.166552,15.426590491,1,0,1,0.0,0.0,0.0,0.0,0.0,0.0,0.0,0.0,5.0,5.0,5.0
E01S-1211,BN1,17.0,是,23853.34,898.467,34333.37,15655.41,9.740033,0.581909,1.430557,0.652309,0.0,12.404807,23.58691,11.182103124,3,0,3,0.0,0.0,0.0,0.0,0.0,0.0,63.839936,74.25506,15.0,32.344244,32.344244
E01S-1212,BN1,15.5,是,27406.67,5868.032,43850.0,26862.16,10.440636,3.457886,1.827083,1.119257,0.0,16.844862,31.901594,15.056732027,2,0,2,0.0,0.0,0.0,0.0,0.0,0.0,14.088752,37.560872,10.0,12.044376,23.790436
E01S-1213,BN1,15.0,是,24814.99,13741.863,48802.2,54721.67,8.824676,7.340739,2.033425,2.28007,0.0,20.47891,37.991443,17.5125331,1,0,1,0.0,0.0,0.0,0.0,0.0,0.82359,0.0,54.967452,5.0,5.82359,60.791042
E01S-1215,BN1,15.0,是,90989.51,44608.699,151334.87,94098.36,32.357578,23.829433,6.30562,3.920765,0.0,66.413396,127.282658,60.869262418,10,2,8,3.16,2.752356,0.0,7.0,2.34,2.783113,0.0,158.989216,40.0,7.001436,41.393322
E01S-1216,BN1,15.0,是,24278.6,0.0,22958.45,17077.93,8.633926,0.0,0.956602,0.71158,0.0,10.302109,19.655528,9.353419867,2,0,2,0.0,0.0,0.0,0.0,0.0,0.659674,0.0,0.0,10.0,5.329837,5.329837
E01S-1217,BN1,6.0,是,7146.9,0.0,3920.7,0.0,1.370451,0.0,0.163362,0.0,0.0,1.533813,3.018468,1.484654842,2,2,0,3.16,3.020926,0.0,0.0,2.34,0.0,0.0,0.0,0.0,7.010463,7.010463
E01S-1218,BN1,15.0,是,52693.95,11184.797,62262.58,25799.09,18.738958,5.974785,2.594274,1.074962,0.0,28.382979,55.1562,26.773221322,5,2,3,3.16,3.002872,0.0,7.0,2.34,0.972015,0.0,29.390563999999998,15.0,7.001436,15.222973
E01S-1219,BN1,15.0,是,31515.51,0.0,29835.6,28119.52,11.207507,0.0,1.24315,1.171647,0.0,13.622304,25.76377,12.141466038,2,0,2,0.0,0.0,0.0,0.0,0.0,0.653006,0.0,0.0,10.0,5.329001,5.329001
E01S-1220,BN1,15.0,是,63473.13,4700.51,83346.75,39789.3,22.572237,2.510956,3.472781,1.657888,0.0,30.213862,57.387321,27.173459125,6,4,2,6.32,6.036676,0.0,0.0,4.68,0.658002,0.0,18.802039999999998,10.0,7.009169,14.731033
E01S-1221,BN1,15.0,是,145331.36,4371.468,103184.13,29633.16,51.68256,2.335186,4.299339,1.234715,0.0,59.5518,118.071025,58.519225215,28,28,0,44.24,50.013979,0.0,14.0,32.76,0.0,0.0,0.0,0.0,7.9059,13.968459
E01S-1222,BN1,15.0,是,36788.0,19069.104,49771.24,15726.75,13.082504,10.186487,2.073802,0.655281,0.0,25.998074,51.206147,25.208073297,8,8,0,12.64,13.811758999999999,0.0,28.0,9.36,0.0,0.0,0.0,0.0,7.709943,13.959943
E01S-1223,BN1,15.0,是,26822.65,10719.106,19944.35,26359.34,9.538638,5.726018,0.831015,1.098306,0.0,17.193977,33.730687,16.536710821,4,4,0,6.32,6.90588,0.0,14.0,4.68,0.0,0.0,0.0,0.0,7.709943,13.959943
E01S-1224,BN1,14.5,是,23734.36,5046.402,38560.64,19108.03,8.440384,2.695728,1.606693,0.796168,0.0,13.538973,25.603094,12.064120935,2,0,2,0.0,0.0,0.0,0.0,0.0,0.938822,0.0,20.185608000000002,10.0,5.781809,15.864613
E01S-1225,BN1,14.5,是,29222.22,5354.096,30699.46,9878.05,10.39197,2.860094,1.279144,0.411585,0.0,14.942794,29.299197,14.356402824,10,10,0,15.8,25.146143000000002,0.0,28.0,11.7,0.0,0.0,0.0,0.0,8.050666,14.300666
E01S-1226,BN1,14.5,是,92254.35,20661.25,110427.51,44978.5,32.807379,11.036993,4.601146,1.874104,0.0,50.319622,97.817691,47.498069245,12,10,2,14.64,16.847326,0.0,28.0,11.7,0.0,0.0,0.0,10.0,8.030872,14.280872
E01S-1227,BN1,14.5,是,30824.05,1411.286,30330.12,19981.95,10.961611,0.753892,1.263755,0.832581,0.0,13.811839,26.503634,12.691794968,3,1,2,1.58,1.769278,0.0,3.5,1.17,1.441066,0.0,0.0,10.0,7.269278,13.519278
E01S-1228,BN1,13.0,是,50615.82,14907.426,54608.01,29441.13,15.675386,6.552715,2.275334,1.226714,0.0,25.730148,49.81059,24.080441985,5,1,4,1.58,1.991803,0.0,0.0,1.17,2.962828,0.0,59.629704000000004,20.0,7.491803,26.711371
E01S-1229,BN1,14.0,是,73122.35,16590.341,82538.46,37896.97,24.260899,8.037956,3.439103,1.57904,0.0,37.316998,72.307424,34.990426302,14,12,2,18.96,28.619934999999998,0.0,21.0,14.04,1.542802,0.0,56.273376,10.0,8.195281,37.126127
E01S-1230,BN1,14.0,是,67028.47,15596.598,76035.89,52264.0,22.239041,7.556491,3.168162,2.177667,0.0,35.141361,67.419855,32.278493455,4,0,4,0.0,0.0,0.0,0.0,0.0,2.813272,38.512100000000004,100.898492,20.0,17.209966,32.01191
E01S-1231,BN1,14.0,是,43097.03,13345.724,37751.01,17311.19,14.298948,6.465952,1.572959,0.7213,0.0,23.059158,45.554466,22.495308108,13,11,2,17.380000000000003,25.305724,0.0,21.0,12.87,0.978372,20.91252,59.159576,10.0,16.081241,35.214769
E01S-1232,BN1,14.0,是,67475.55,20388.543,97732.94,44683.3,22.387376,9.87817,4.072206,1.861804,0.0,38.199556,73.153897,34.954341109,6,0,6,0.0,0.0,0.0,0.0,0.0,4.326711,0.0,81.554172,30.0,6.032794,22.157264
E01S-1233,BN1,14.0,是,41624.09,8186.584,47748.46,29974.47,13.810249,3.966368,1.989519,1.248936,0.0,21.015072,40.273074,19.25800181,2,0,2,0.0,0.0,0.0,0.0,0.0,0.689024,0.0,32.746336,10.0,5.344512,25.243032
E01S-1234,BN1,14.0,是,39577.83,23088.658,49936.96,37174.95,13.13133,11.186365,2.080707,1.548956,0.0,27.947359,54.291529,26.344170415,3,0,3,0.0,0.0,0.0,0.0,0.0,1.896007,0.0,92.35463200000001,15.0,5.926514,36.651298
E01S-1235,BN1,14.0,是,52589.07,17546.157,58761.44,15906.46,17.448265,8.501045,2.448393,0.662769,0.0,29.060472,57.172225,28.111752308,9,6,3,9.48,10.351656,0.0,21.0,7.02,2.736322,0.0,18.855828000000002,15.0,7.891174,14.141174
E01S-1236,BN1,13.0,是,42686.1,10704.814,76510.56,49375.65,13.219604,4.705413,3.18794,2.057319,0.0,23.170275,42.589043,19.418767701,1,0,1,0.0,0.0,0.0,0.0,0.0,0.580576,0.0,42.819256,5.0,5.580576,48.399832
E01S-1237,BN1,13.0,是,42518.2,10546.788,55768.7,30329.98,13.167606,4.635951,2.323696,1.263749,0.0,21.391002,40.678188,19.287186576,3,0,3,0.0,0.0,0.0,0.0,0.0,1.055427,0.0,42.187152,15.0,5.366403,22.177264
E01S-1238,BN1,13.0,是,90701.6,39061.696,107563.31,37756.71,28.089687,17.169976,4.481805,1.573196,0.0,51.314664,100.345966,49.031302096,10,2,8,3.16,3.122809,0.0,7.0,2.34,2.906529,0.0,119.7766,40.0,7.089636,34.05472
E01S-1239,BN1,13.0,是,53988.99,9697.944,65842.89,31964.15,16.720034,4.262833,2.743454,1.33184,0.0,25.05816,47.789599,22.73143881,4,0,4,0.0,0.0,0.0,0.0,0.0,1.30281,0.0,38.791776,20.0,5.380996,15.156264
E01S-1240,BN1,13.0,是,113729.07,44280.021,118831.55,38350.82,35.221143,19.463745,4.951315,1.597951,0.0,61.234154,120.476116,59.241962285,16,13,3,20.54,23.708936,0.0,45.5,15.209999999999999,1.300055,0.0,69.265212,15.0,7.694797,29.878647
E01S-1241,BN1,14.0,是,25194.45,10630.168,42615.14,25684.27,8.359141,5.150275,1.775631,1.070178,0.0,16.355225,30.990425,14.635200527,4,2,2,3.16,3.270595,0.0,0.0,2.34,0.547334,0.0,42.520672,10.0,7.347063,26.534003
E01S-1242,BN1,12.0,是,109571.92,29524.223,36445.88,7014.57,31.668185,10.403179,1.518578,0.292274,0.0,43.882216,89.459528,45.57731135,22,22,0,34.760000000000005,49.316376,0.0,63.0,25.74,0.0,0.0,0.0,0.0,8.323824,14.573824
E01S-1243,BN1,12.0,是,111064.95,23919.284,78113.1,12141.17,32.099697,8.428218,3.254713,0.505882,0.0,44.28851,88.193751,43.905241245,19,19,0,30.020000000000003,48.081457,0.0,52.5,22.229999999999997,0.0,0.0,0.0,0.0,9.502509,15.752509
E01S-1244,BN1,11.0,是,69316.65,18975.066,33100.13,2032.79,18.708947,6.209118,1.379172,0.0847,0.0,26.381937,53.376509,26.994571309,20,20,0,31.6,41.135296,0.0,59.5,23.4,0.0,0.0,0.0,0.0,8.059429,14.309429
E01S-1245,BN1,20.0,是,6365.47,703.512,6714.17,130.0,3.197122,0.604392,0.279757,0.005417,0.0,4.086688,8.204994,4.118306619,1,1,0,1.58,3.385945,0.0,3.5,1.17,0.0,0.0,0.0,0.0,8.885945,15.135945
E01S-1246,BN1,11.0,是,67826.42,17748.377,49333.1,3383.77,18.306726,5.807715,2.055546,0.14099,0.0,26.310977,52.434955,26.123977786,20,20,0,31.6,40.96806,7.193896,66.693896,23.4,0.0,0.0,0.0,0.0,14.126653,15.163335
T63S-4084,STA238FC,40.0,否,9268.66,0.0,10713.69,8134.19,8.793795,0.0,0.446404,0.338925,0.0,9.579123,19.105735,9.526611322,2,2,0,2.58,2.38043,24.523778,24.523778,2.34,0.0,0.0,0.0,0.0,21.892319,21.892319
T63S-4086,STA238FC,37.0,否,18376.77,0.0,25837.09,43838.09,14.892034,0.0,1.076545,1.826587,0.0,17.795167,33.928203,16.133036872,1,0,1,0.0,0.0,0.0,0.0,0.0,7.339754,0.0,15.86,5.0,12.339754,28.199754
T63S-4087,STA238FC,32.0,是,12517.24,0.0,13134.54,27275.93,10.589882,0.0,0.547273,1.136497,0.0,12.273651,23.746023,11.472371686,1,0,1,0.0,0.0,0.0,0.0,0.0,4.359036,0.0,15.86,5.0,9.359036,25.219036
T63S-4088,STA238FC,26.0,是,9801.25,469.558,7710.41,2417.14,6.311172,0.471918,0.321267,0.100714,0.0,7.205071,14.553418,7.348346973,3,3,0,4.16,5.428336,22.792253000000002,22.792253000000002,3.51,0.0,0.0,0.0,0.0,19.139816,19.139816
T63S-4089,STA238FC,25.0,是,14359.58,0.0,14875.33,10913.81,8.766532,0.0,0.619805,0.454742,0.0,9.84108,19.338157,9.49707672,5,5,0,5.0,5.0,31.431055999999998,31.431055999999998,5.85,0.0,0.0,0.0,0.0,15.290131,15.290131
T63S-4090,STA238FC,25.0,是,12435.77,0.0,17172.19,52831.05,7.592045,0.0,0.715508,2.201294,0.0,10.508847,18.733562,8.224715608,1,0,1,0.0,0.0,0.0,0.0,0.0,4.341419,0.0,15.86,5.0,9.341419,25.201419
T63S-4091,STA238FC,25.0,是,15271.0,520.0,22038.55,7097.0,9.322955,0.49904,0.918273,0.295708,0.0,11.035976,21.676471,10.640494724,4,4,0,6.32,12.415744,0.0,14.0,4.68,0.0,0.0,0.0,0.0,9.433269,15.683269
T63S-4092,STA238FC,23.0,是,35820.46,1428.55,30946.11,42240.52,19.446504,1.234702,1.289421,1.760022,0.0,23.730649,46.135288,22.404639417,11,9,2,14.22,12.784949000000001,0.0,7.0,10.53,2.590276,32.360888,40.300888,10.0,22.485582,26.445582
T63S-4093,STA238FC,19.0,是,35880.15,3053.532,85419.21,88940.56,16.813566,2.396807,3.559134,3.705857,0.0,26.475363,47.286601,20.811237396,1,0,1,0.0,0.0,0.0,0.0,0.0,5.830796,0.0,77.840332,5.0,10.830796,88.671128
T63S-4094,STA238FC,19.0,是,37200.63,1523.995,55162.82,76683.52,17.432348,1.196228,2.298451,3.195147,0.0,24.122174,44.303131,20.180957461,3,2,1,2.58,2.313799,4.120702,7.620702,2.34,6.222597,0.0,54.537788,5.0,12.790702,65.760385
T63S-4095,STA238FC,15.0,是,51472.16,0.0,43929.9,7062.0,18.304467,0.0,1.830412,0.29425,0.0,20.429129,40.258968,19.829838786,24,24,0,37.92,36.160767,0.0,0.0,28.08,0.0,0.0,0.0,0.0,7.010463,7.010463
T63S-4096,STA238FC,14.0,是,40879.98,6669.764,36370.87,17195.18,13.563364,3.231475,1.515453,0.716466,0.0,19.026758,37.221167,18.194409032,7,7,0,9.32,12.058269,0.0,10.5,8.19,0.0,0.0,0.0,0.0,7.767559,12.17
T63S-4097,STA238FC,14.0,是,31768.58,310.0,21592.69,5570.39,10.540338,0.150194,0.899695,0.2321,0.0,11.822327,23.403737,11.581409904,8,8,0,12.64,22.033368,0.0,14.0,9.36,0.0,0.0,0.0,0.0,10.053795,16.303795
T63S-4098,STA238FC,13.0,是,40076.54,5171.987,35828.81,104815.95,12.41144,2.273401,1.492867,4.367331,0.0,20.545039,36.453617,15.9085777,1,0,1,0.0,0.0,0.0,0.0,0.0,1.026775,0.0,86.294168,5.0,6.026775,92.320943
T63S-4099,STA238FC,13.0,是,40075.61,5171.058,35636.42,104851.94,12.411152,2.272993,1.484851,4.368831,0.0,20.537826,36.44565,15.907823303,1,0,1,0.0,0.0,0.0,0.0,0.0,1.026775,0.0,86.310452,5.0,6.026775,92.337227
T63S-4100,STA238FC,12.0,是,68128.25,8553.596,29471.24,11684.29,19.690246,3.013952,1.227968,0.486845,0.0,24.419011,49.015226,24.596214222,35,35,0,55.300000000000004,69.136022,0.0,70.0,40.949999999999996,0.0,0.0,0.0,0.0,8.853762,15.103762
T63S-4101,STA238FC,12.0,是,45213.77,806.296,21732.63,680.0,13.067564,0.284107,0.905526,0.028333,0.0,14.28553,28.74984,14.464309927,16,16,0,25.28,40.642564,0.0,14.0,18.72,0.0,0.0,0.0,0.0,8.050666,14.278437
T63S-4102,STA238FC,10.5,是,48374.71,3818.0,114535.32,59266.96,12.609073,1.201196,4.772305,2.469457,0.0,21.052031,36.013155,14.961124649,1,0,1,0.0,0.0,0.0,0.0,0.0,5.561379,0.0,15.272,5.0,10.561379,25.833379
T63S-4103,STA238FC,10.0,是,78944.46,7208.129,97504.21,29557.2,19.895277,2.18362,4.062675,1.23155,0.0,27.373122,51.291928,23.918805116,6,3,3,4.74,8.440371,0.0,10.5,3.51,10.706312,0.0,0.0,15.0,8.702573,14.563457
T63S-4855,STA238FC,15.0,是,6053.77,776.976,2950.48,0.0,2.152834,0.415051,0.122937,0.0,0.0,2.690822,5.472698,2.781876027,4,4,0,6.32,5.485432,0.0,7.0,4.68,0.0,0.0,0.0,0.0,6.872224,13.122224
U02A-1330,DC12,22.0,是,25566.73,10735.218,35695.68,42000.92,14.744366,10.999199,1.48732,1.750038,0.0,28.980923,56.869784,27.888861432,1,0,1,0.0,0.0,0.0,0.0,0.0,0.0,0.0,85.861744,5.0,5.0,90.861744
U02A-1331,DC12,22.0,是,25566.73,10730.218,31258.43,42000.92,14.744366,10.994076,1.302435,1.750038,0.0,28.790914,56.674226,27.883311569,1,0,1,0.0,0.0,0.0,0.0,0.0,0.0,0.0,85.861744,5.0,5.0,90.861744
U02B-1332,DC12,15.0,是,33609.92,0.0,38498.35,112134.6,11.952319,0.0,1.604098,4.672275,0.0,18.228692,31.177037,12.948345187,1,0,1,0.0,0.0,0.0,0.0,0.0,6.669909,0.0,82.394392,5.0,11.669909,94.064301
U02B-1333,DC12,15.0,是,40019.04,0.0,65448.47,97753.45,14.231522,0.0,2.72702,4.07306,0.0,21.031602,36.449084,15.417482219,1,0,1,0.0,0.0,0.0,0.0,0.0,3.036079,0.0,132.587128,5.0,8.036079,140.623207
U02B-1334,DC12,15.0,是,32775.67,0.0,28397.83,81322.32,11.655644,0.0,1.183243,3.38843,0.0,16.227317,28.854264,12.626947309,1,0,1,0.0,0.0,0.0,0.0,0.0,0.0,0.0,79.077392,5.0,5.0,84.077392
U02S-1335,DC12,21.0,是,37850.8,8024.106,39990.21,131.79,20.371798,7.520249,1.666259,0.005491,0.0,29.563797,59.780181,30.216384173,10,10,0,13.48,15.752383,50.867607,57.867607,11.7,0.0,0.0,0.0,0.0,16.392748,16.392748
U02S-1336,DC12,25.0,是,34535.9,0.0,23590.08,6660.09,21.084188,0.0,0.98292,0.277504,0.0,22.344612,45.185815,22.841203704,8,8,0,12.64,17.550644,43.195444,43.195444,9.36,0.0,0.0,0.0,0.0,15.857952,15.857952
U02S-1337,DC12,17.0,是,41793.85,0.0,95409.47,87288.26,17.06568,0.0,3.975395,3.637011,0.0,24.678085,43.165905,18.487819858,1,0,1,0.0,0.0,0.0,0.0,0.0,1.303835,20.62328,20.62328,5.0,26.927115,26.927115
U02S-1338,DC12,17.0,是,41793.85,0.0,82003.46,88931.57,17.06568,0.0,3.416811,3.705482,0.0,24.187973,42.675793,18.487819858,1,0,1,0.0,0.0,0.0,0.0,0.0,1.303835,20.64328,20.64328,5.0,26.947115,26.947115
U02S-1339,DC12,17.0,是,34068.08,0.0,82346.39,46859.11,13.911017,0.0,3.4311,1.952463,0.0,19.294579,34.364847,15.070268137,4,0,4,0.0,0.0,0.0,0.0,0.0,1.933288,27.047448,54.605408,20.0,12.28335,19.196006
U02S-1340,DC12,16.0,是,89724.03,17234.446,170689.17,54358.09,34.180583,10.155831,7.112049,2.26492,0.0,53.713383,101.744499,48.031115518,15,11,4,17.380000000000003,27.416638,0.0,0.0,12.87,12.057476999999999,10.309664,79.247448,20.0,11.76622,29.721059
U02S-1341,DC12,16.0,是,40868.37,2437.0,47887.17,9798.7,15.568903,1.436064,1.995299,0.408279,0.0,19.408544,37.830591,18.42204704,8,8,0,12.64,27.425265,0.0,10.5,9.36,0.0,0.0,0.0,0.0,11.254204,14.168543
U02S-1342,DC12,14.5,是,67837.12,0.0,106657.42,142890.76,24.124154,0.0,4.444059,5.953782,0.0,34.521994,60.656494,26.134499763,2,0,2,0.0,0.0,0.0,0.0,0.0,0.0,0.0,27.538632,10.0,5.0,18.817364
U02S-1343,DC12,14.0,是,179681.31,45219.831,237858.42,47549.29,59.615564,21.908833,9.910768,1.98122,0.0,93.416385,181.734481,88.318096624,37,29,8,45.82,61.636145,0.0,24.5,33.93,25.036242,0.0,160.16219999999998,40.0,8.398548,30.36184
U02S-1344,DC12,14.0,是,79570.74,7892.836,75778.19,23424.5,26.400378,3.824048,3.157425,0.976021,0.0,34.357872,67.101001,32.743128908,20,14,6,22.12,21.43238,0.0,14.0,16.38,6.886676,0.0,18.479344,30.0,7.39851,13.64851
U02S-1345,DC12,12.5,是,26040.83,0.0,20296.39,8812.23,8.064673,0.0,0.845683,0.367176,0.0,9.277532,18.014262,8.73672938,12,12,0,18.96,18.11436,0.0,0.0,14.04,0.0,0.0,0.0,0.0,7.089636,7.089636
U02S-1346,DC12,11.0,是,18888.17,0.0,10021.63,5529.14,5.098022,0.0,0.417568,0.230381,0.0,5.74597,11.268827,5.522856725,10,10,0,15.8,19.96819,21.788612,21.788612,11.7,0.0,0.0,0.0,0.0,14.077323,14.077323
U02S-1347,DC12,12.0,是,21346.09,700.0,9244.09,0.0,6.16939,0.246653,0.38517,0.0,0.0,6.801213,13.751926,6.950712974,9,9,0,14.22,13.235319,0.0,3.5,10.53,0.0,0.0,0.0,0.0,7.347063,13.173532
U02S-1348,DC12,20.0,是,12399.02,3832.0,4677.34,0.0,6.227534,3.292096,0.194889,0.0,0.0,9.714519,20.027452,10.312932633,6,6,0,9.48,12.759912,0.0,21.0,7.02,0.0,0.0,0.0,0.0,7.626652,13.876652
